-- ============================================================
-- Easy Maid — Seed Data (auto-generated)
-- ============================================================

BEGIN;

-- Clear old seed data (user_id IS NULL = seed, not real users)
DELETE FROM worker_media WHERE worker_id IN (SELECT id FROM workers WHERE user_id IS NULL);
DELETE FROM worker_previous_duties WHERE worker_id IN (SELECT id FROM workers WHERE user_id IS NULL);
DELETE FROM worker_overseas_experience WHERE worker_id IN (SELECT id FROM workers WHERE user_id IS NULL);
DELETE FROM worker_bookmarks WHERE worker_id IN (SELECT id FROM workers WHERE user_id IS NULL);
DELETE FROM inquiries WHERE worker_id IN (SELECT id FROM workers WHERE user_id IS NULL);
DELETE FROM workers WHERE user_id IS NULL;
DELETE FROM employers WHERE user_id IS NULL;

-- ── Workers ──
INSERT INTO workers (id, name, photo_url, nationality, gender, date_of_birth, marital_status, education, religion, height_cm, weight_kg, birth_order, num_brothers, num_sisters, num_sons, son_ages, num_daughters, daughter_ages, code, status, contract_end_date, skill_care_babies, skill_care_toddler, skill_care_children, skill_care_elderly, skill_care_disabled, skill_care_bedridden, skill_care_pet, skill_household, skill_car_washing, skill_gardening, skill_cooking, skill_driving, skill_pickup_taobao, lang_english, lang_cantonese, lang_mandarin, eats_pork, available_sundays, can_share_room, remark) VALUES
('c4da537c-1651-ddae-4486-7db30d67b366', 'Susan Reyes', '/images/workers/worker-1.jpg', 'Filipino', 'F', '2003-12-09', 'Married', 'College', 'Catholic', 152, 68, 1, 4, 0, 0, NULL, 0, NULL, 'EM 1001', 'available', '2026-06-03', TRUE, FALSE, TRUE, TRUE, FALSE, FALSE, TRUE, TRUE, FALSE, TRUE, TRUE, FALSE, TRUE, 'fair', 'poor', 'poor', TRUE, TRUE, TRUE, NULL);
INSERT INTO workers (id, name, photo_url, nationality, gender, date_of_birth, marital_status, education, religion, height_cm, weight_kg, birth_order, num_brothers, num_sisters, num_sons, son_ages, num_daughters, daughter_ages, code, status, contract_end_date, skill_care_babies, skill_care_toddler, skill_care_children, skill_care_elderly, skill_care_disabled, skill_care_bedridden, skill_care_pet, skill_household, skill_car_washing, skill_gardening, skill_cooking, skill_driving, skill_pickup_taobao, lang_english, lang_cantonese, lang_mandarin, eats_pork, available_sundays, can_share_room, remark) VALUES
('d6a82a95-1b92-3e0a-443c-def36840ff07', 'Elena Rivera', '/images/workers/worker-2.jpg', 'Filipino', 'F', '2002-12-15', 'Single', 'Elementary', 'Catholic', 150, 62, 3, 4, 2, 0, NULL, 0, NULL, 'EM 1002', 'processing', '2026-07-23', TRUE, FALSE, FALSE, FALSE, FALSE, FALSE, TRUE, TRUE, FALSE, TRUE, TRUE, FALSE, FALSE, 'poor', 'good', 'good', TRUE, FALSE, TRUE, NULL);
INSERT INTO workers (id, name, photo_url, nationality, gender, date_of_birth, marital_status, education, religion, height_cm, weight_kg, birth_order, num_brothers, num_sisters, num_sons, son_ages, num_daughters, daughter_ages, code, status, contract_end_date, skill_care_babies, skill_care_toddler, skill_care_children, skill_care_elderly, skill_care_disabled, skill_care_bedridden, skill_care_pet, skill_household, skill_car_washing, skill_gardening, skill_cooking, skill_driving, skill_pickup_taobao, lang_english, lang_cantonese, lang_mandarin, eats_pork, available_sundays, can_share_room, remark) VALUES
('610e4ad5-09c4-7055-dff4-948fe6b4f832', 'Grace Mendoza', '/images/workers/worker-3.jpg', 'Filipino', 'F', '1983-12-18', 'Married', 'Vocational', 'Catholic', 149, 52, 1, 2, 3, 0, NULL, 2, '13 / 9', 'EM 1003', 'hired', '2026-09-21', FALSE, TRUE, TRUE, FALSE, TRUE, FALSE, FALSE, TRUE, TRUE, FALSE, TRUE, TRUE, TRUE, 'good', 'poor', 'good', TRUE, TRUE, TRUE, NULL);
INSERT INTO workers (id, name, photo_url, nationality, gender, date_of_birth, marital_status, education, religion, height_cm, weight_kg, birth_order, num_brothers, num_sisters, num_sons, son_ages, num_daughters, daughter_ages, code, status, contract_end_date, skill_care_babies, skill_care_toddler, skill_care_children, skill_care_elderly, skill_care_disabled, skill_care_bedridden, skill_care_pet, skill_household, skill_car_washing, skill_gardening, skill_cooking, skill_driving, skill_pickup_taobao, lang_english, lang_cantonese, lang_mandarin, eats_pork, available_sundays, can_share_room, remark) VALUES
('573e8d77-550a-e889-8ff4-1e8d8944897c', 'Joy Hernandez', '/images/workers/worker-4.jpg', 'Filipino', 'F', '1995-09-28', 'Single', 'High School', 'Catholic', 165, 69, 3, 2, 0, 0, NULL, 0, NULL, 'EM 1004', 'available', '2026-09-06', FALSE, FALSE, FALSE, TRUE, FALSE, TRUE, FALSE, TRUE, TRUE, FALSE, TRUE, TRUE, FALSE, 'good', 'poor', 'good', TRUE, TRUE, FALSE, NULL);
INSERT INTO workers (id, name, photo_url, nationality, gender, date_of_birth, marital_status, education, religion, height_cm, weight_kg, birth_order, num_brothers, num_sisters, num_sons, son_ages, num_daughters, daughter_ages, code, status, contract_end_date, skill_care_babies, skill_care_toddler, skill_care_children, skill_care_elderly, skill_care_disabled, skill_care_bedridden, skill_care_pet, skill_household, skill_car_washing, skill_gardening, skill_cooking, skill_driving, skill_pickup_taobao, lang_english, lang_cantonese, lang_mandarin, eats_pork, available_sundays, can_share_room, remark) VALUES
('2293202c-28df-a298-0d49-6d4bda22594f', 'Catherine Flores', '/images/workers/worker-5.jpg', 'Filipino', 'F', '1978-05-08', 'Single', 'College', 'Catholic', 166, 47, 1, 3, 0, 0, NULL, 0, NULL, 'EM 1005', 'processing', '2026-12-05', TRUE, FALSE, FALSE, TRUE, FALSE, FALSE, TRUE, TRUE, FALSE, TRUE, TRUE, FALSE, FALSE, 'good', 'fair', 'poor', TRUE, TRUE, TRUE, NULL);
INSERT INTO workers (id, name, photo_url, nationality, gender, date_of_birth, marital_status, education, religion, height_cm, weight_kg, birth_order, num_brothers, num_sisters, num_sons, son_ages, num_daughters, daughter_ages, code, status, contract_end_date, skill_care_babies, skill_care_toddler, skill_care_children, skill_care_elderly, skill_care_disabled, skill_care_bedridden, skill_care_pet, skill_household, skill_car_washing, skill_gardening, skill_cooking, skill_driving, skill_pickup_taobao, lang_english, lang_cantonese, lang_mandarin, eats_pork, available_sundays, can_share_room, remark) VALUES
('b3a1f131-5573-ae2d-8f9b-34c95653d4bd', 'Mary Garcia', '/images/workers/worker-6.jpg', 'Filipino', 'F', '1985-04-01', 'Single', 'High School', 'Catholic', 155, 47, 1, 2, 0, 0, NULL, 0, NULL, 'EM 1006', 'processing', '2026-07-09', FALSE, TRUE, TRUE, FALSE, FALSE, FALSE, FALSE, TRUE, TRUE, TRUE, FALSE, FALSE, FALSE, 'good', 'good', 'good', TRUE, TRUE, TRUE, NULL);
INSERT INTO workers (id, name, photo_url, nationality, gender, date_of_birth, marital_status, education, religion, height_cm, weight_kg, birth_order, num_brothers, num_sisters, num_sons, son_ages, num_daughters, daughter_ages, code, status, contract_end_date, skill_care_babies, skill_care_toddler, skill_care_children, skill_care_elderly, skill_care_disabled, skill_care_bedridden, skill_care_pet, skill_household, skill_car_washing, skill_gardening, skill_cooking, skill_driving, skill_pickup_taobao, lang_english, lang_cantonese, lang_mandarin, eats_pork, available_sundays, can_share_room, remark) VALUES
('e7e96d54-006d-7b34-29ed-479c3ec3068c', 'Nancy Reyes', '/images/workers/worker-7.jpg', 'Filipino', 'F', '1996-04-07', 'Widowed', 'College', 'Catholic', 161, 50, 3, 3, 1, 0, NULL, 0, NULL, 'EM 1007', 'available', '2026-09-26', FALSE, FALSE, TRUE, FALSE, FALSE, FALSE, FALSE, TRUE, TRUE, FALSE, TRUE, FALSE, TRUE, 'fair', 'fair', 'fair', TRUE, FALSE, FALSE, NULL);
INSERT INTO workers (id, name, photo_url, nationality, gender, date_of_birth, marital_status, education, religion, height_cm, weight_kg, birth_order, num_brothers, num_sisters, num_sons, son_ages, num_daughters, daughter_ages, code, status, contract_end_date, skill_care_babies, skill_care_toddler, skill_care_children, skill_care_elderly, skill_care_disabled, skill_care_bedridden, skill_care_pet, skill_household, skill_car_washing, skill_gardening, skill_cooking, skill_driving, skill_pickup_taobao, lang_english, lang_cantonese, lang_mandarin, eats_pork, available_sundays, can_share_room, remark) VALUES
('e0edeaf1-166d-d683-c609-dcba6fafc520', 'Liza Hernandez', '/images/workers/worker-8.jpg', 'Filipino', 'F', '1982-12-16', 'Married', 'College', 'Catholic', 157, 51, 1, 4, 4, 1, '4', 0, NULL, 'EM 1008', 'processing', '2026-09-17', FALSE, FALSE, TRUE, FALSE, FALSE, TRUE, TRUE, TRUE, FALSE, FALSE, TRUE, FALSE, TRUE, 'good', 'good', 'good', TRUE, FALSE, TRUE, NULL);
INSERT INTO workers (id, name, photo_url, nationality, gender, date_of_birth, marital_status, education, religion, height_cm, weight_kg, birth_order, num_brothers, num_sisters, num_sons, son_ages, num_daughters, daughter_ages, code, status, contract_end_date, skill_care_babies, skill_care_toddler, skill_care_children, skill_care_elderly, skill_care_disabled, skill_care_bedridden, skill_care_pet, skill_household, skill_car_washing, skill_gardening, skill_cooking, skill_driving, skill_pickup_taobao, lang_english, lang_cantonese, lang_mandarin, eats_pork, available_sundays, can_share_room, remark) VALUES
('01b0366f-11e3-74ee-60aa-0d3098fc4743', 'Jane Torres', '/images/workers/worker-9.jpg', 'Filipino', 'F', '1996-05-13', 'Married', 'Vocational', 'Catholic', 162, 55, 1, 0, 3, 0, NULL, 0, NULL, 'EM 1009', 'processing', '2026-06-03', FALSE, FALSE, TRUE, TRUE, TRUE, TRUE, TRUE, TRUE, FALSE, TRUE, TRUE, FALSE, FALSE, 'good', 'fair', 'good', TRUE, FALSE, TRUE, NULL);
INSERT INTO workers (id, name, photo_url, nationality, gender, date_of_birth, marital_status, education, religion, height_cm, weight_kg, birth_order, num_brothers, num_sisters, num_sons, son_ages, num_daughters, daughter_ages, code, status, contract_end_date, skill_care_babies, skill_care_toddler, skill_care_children, skill_care_elderly, skill_care_disabled, skill_care_bedridden, skill_care_pet, skill_household, skill_car_washing, skill_gardening, skill_cooking, skill_driving, skill_pickup_taobao, lang_english, lang_cantonese, lang_mandarin, eats_pork, available_sundays, can_share_room, remark) VALUES
('1a1f141b-72c5-3633-bb66-ecb350c1eb44', 'Catherine Reyes', '/images/workers/worker-10.jpg', 'Filipino', 'F', '1980-09-05', 'Divorced', 'Vocational', 'Catholic', 167, 51, 3, 1, 2, 0, NULL, 0, NULL, 'EM 1010', 'available', '2026-12-02', TRUE, FALSE, TRUE, TRUE, FALSE, FALSE, TRUE, TRUE, FALSE, FALSE, TRUE, TRUE, FALSE, 'good', 'poor', 'fair', TRUE, TRUE, TRUE, NULL);
INSERT INTO workers (id, name, photo_url, nationality, gender, date_of_birth, marital_status, education, religion, height_cm, weight_kg, birth_order, num_brothers, num_sisters, num_sons, son_ages, num_daughters, daughter_ages, code, status, contract_end_date, skill_care_babies, skill_care_toddler, skill_care_children, skill_care_elderly, skill_care_disabled, skill_care_bedridden, skill_care_pet, skill_household, skill_car_washing, skill_gardening, skill_cooking, skill_driving, skill_pickup_taobao, lang_english, lang_cantonese, lang_mandarin, eats_pork, available_sundays, can_share_room, remark) VALUES
('aac9912d-17bf-6b18-0b3c-354de7c834d3', 'Elena Torres', '/images/workers/worker-11.jpg', 'Filipino', 'F', '1978-01-12', 'Married', 'College', 'Catholic', 151, 56, 5, 3, 4, 0, NULL, 0, NULL, 'EM 1011', 'available', '2026-12-06', FALSE, FALSE, FALSE, TRUE, FALSE, TRUE, FALSE, TRUE, FALSE, FALSE, TRUE, FALSE, TRUE, 'fair', 'poor', 'poor', FALSE, TRUE, TRUE, NULL);
INSERT INTO workers (id, name, photo_url, nationality, gender, date_of_birth, marital_status, education, religion, height_cm, weight_kg, birth_order, num_brothers, num_sisters, num_sons, son_ages, num_daughters, daughter_ages, code, status, contract_end_date, skill_care_babies, skill_care_toddler, skill_care_children, skill_care_elderly, skill_care_disabled, skill_care_bedridden, skill_care_pet, skill_household, skill_car_washing, skill_gardening, skill_cooking, skill_driving, skill_pickup_taobao, lang_english, lang_cantonese, lang_mandarin, eats_pork, available_sundays, can_share_room, remark) VALUES
('e81775f3-ca42-25f7-2051-e671246595df', 'Liza Flores', '/images/workers/worker-12.jpg', 'Filipino', 'F', '1996-04-01', 'Married', 'Elementary', 'Catholic', 158, 53, 1, 2, 2, 0, NULL, 0, NULL, 'EM 1012', 'hired', '2026-11-27', FALSE, FALSE, TRUE, FALSE, TRUE, FALSE, TRUE, TRUE, FALSE, FALSE, TRUE, FALSE, FALSE, 'good', 'poor', 'fair', TRUE, TRUE, TRUE, NULL);
INSERT INTO workers (id, name, photo_url, nationality, gender, date_of_birth, marital_status, education, religion, height_cm, weight_kg, birth_order, num_brothers, num_sisters, num_sons, son_ages, num_daughters, daughter_ages, code, status, contract_end_date, skill_care_babies, skill_care_toddler, skill_care_children, skill_care_elderly, skill_care_disabled, skill_care_bedridden, skill_care_pet, skill_household, skill_car_washing, skill_gardening, skill_cooking, skill_driving, skill_pickup_taobao, lang_english, lang_cantonese, lang_mandarin, eats_pork, available_sundays, can_share_room, remark) VALUES
('6e3e43c2-e941-2995-4ab3-8105056fb885', 'Liza Hernandez', '/images/workers/worker-13.jpg', 'Filipino', 'F', '1982-12-24', 'Married', 'Vocational', 'Catholic', 161, 47, 3, 4, 2, 0, NULL, 0, NULL, 'EM 1013', 'available', '2026-11-10', FALSE, FALSE, TRUE, FALSE, FALSE, TRUE, FALSE, TRUE, FALSE, TRUE, TRUE, FALSE, FALSE, 'poor', 'fair', 'good', TRUE, TRUE, TRUE, NULL);
INSERT INTO workers (id, name, photo_url, nationality, gender, date_of_birth, marital_status, education, religion, height_cm, weight_kg, birth_order, num_brothers, num_sisters, num_sons, son_ages, num_daughters, daughter_ages, code, status, contract_end_date, skill_care_babies, skill_care_toddler, skill_care_children, skill_care_elderly, skill_care_disabled, skill_care_bedridden, skill_care_pet, skill_household, skill_car_washing, skill_gardening, skill_cooking, skill_driving, skill_pickup_taobao, lang_english, lang_cantonese, lang_mandarin, eats_pork, available_sundays, can_share_room, remark) VALUES
('7823908d-43ec-1f85-7a17-a6a492cadf50', 'Susan Garcia', '/images/workers/worker-14.jpg', 'Filipino', 'F', '1987-08-26', 'Married', 'High School', 'Catholic', 157, 61, 5, 2, 0, 0, NULL, 0, NULL, 'EM 1014', 'available', '2026-11-10', TRUE, TRUE, TRUE, TRUE, FALSE, FALSE, TRUE, TRUE, FALSE, TRUE, TRUE, FALSE, TRUE, 'poor', 'poor', 'fair', TRUE, FALSE, TRUE, NULL);
INSERT INTO workers (id, name, photo_url, nationality, gender, date_of_birth, marital_status, education, religion, height_cm, weight_kg, birth_order, num_brothers, num_sisters, num_sons, son_ages, num_daughters, daughter_ages, code, status, contract_end_date, skill_care_babies, skill_care_toddler, skill_care_children, skill_care_elderly, skill_care_disabled, skill_care_bedridden, skill_care_pet, skill_household, skill_car_washing, skill_gardening, skill_cooking, skill_driving, skill_pickup_taobao, lang_english, lang_cantonese, lang_mandarin, eats_pork, available_sundays, can_share_room, remark) VALUES
('4e1ad87e-c4cf-bb8a-0968-02f6d67c8720', 'Joy Santos', '/images/workers/worker-15.jpg', 'Filipino', 'F', '1986-04-28', 'Single', 'Elementary', 'Catholic', 152, 70, 4, 4, 4, 0, NULL, 0, NULL, 'EM 1015', 'processing', '2026-08-25', FALSE, FALSE, FALSE, FALSE, FALSE, FALSE, FALSE, TRUE, FALSE, TRUE, TRUE, FALSE, FALSE, 'good', 'poor', 'fair', TRUE, FALSE, TRUE, NULL);
INSERT INTO workers (id, name, photo_url, nationality, gender, date_of_birth, marital_status, education, religion, height_cm, weight_kg, birth_order, num_brothers, num_sisters, num_sons, son_ages, num_daughters, daughter_ages, code, status, contract_end_date, skill_care_babies, skill_care_toddler, skill_care_children, skill_care_elderly, skill_care_disabled, skill_care_bedridden, skill_care_pet, skill_household, skill_car_washing, skill_gardening, skill_cooking, skill_driving, skill_pickup_taobao, lang_english, lang_cantonese, lang_mandarin, eats_pork, available_sundays, can_share_room, remark) VALUES
('7ba35975-cd2e-e163-858c-2e6e57ed22d0', 'Wati Handayani', '/images/workers/worker-16.jpg', 'Indonesian', 'F', '1986-02-05', 'Married', 'College', 'Muslim', 160, 67, 2, 1, 0, 1, '17', 2, '16 / 4', 'EM 1016', 'available', '2026-12-14', TRUE, FALSE, FALSE, TRUE, FALSE, FALSE, FALSE, TRUE, TRUE, TRUE, FALSE, FALSE, FALSE, 'good', 'poor', 'fair', NULL, TRUE, TRUE, NULL);
INSERT INTO workers (id, name, photo_url, nationality, gender, date_of_birth, marital_status, education, religion, height_cm, weight_kg, birth_order, num_brothers, num_sisters, num_sons, son_ages, num_daughters, daughter_ages, code, status, contract_end_date, skill_care_babies, skill_care_toddler, skill_care_children, skill_care_elderly, skill_care_disabled, skill_care_bedridden, skill_care_pet, skill_household, skill_car_washing, skill_gardening, skill_cooking, skill_driving, skill_pickup_taobao, lang_english, lang_cantonese, lang_mandarin, eats_pork, available_sundays, can_share_room, remark) VALUES
('a3858cde-9be1-092e-d23e-e3c934f4f040', 'Siti Kusuma', '/images/workers/worker-17.jpg', 'Indonesian', 'F', '1993-11-22', 'Widowed', 'College', 'Muslim', 162, 49, 5, 4, 0, 0, NULL, 0, NULL, 'EM 1017', 'hired', '2026-10-19', FALSE, TRUE, FALSE, FALSE, TRUE, TRUE, TRUE, TRUE, TRUE, FALSE, TRUE, FALSE, FALSE, 'fair', 'poor', 'good', NULL, TRUE, FALSE, NULL);
INSERT INTO workers (id, name, photo_url, nationality, gender, date_of_birth, marital_status, education, religion, height_cm, weight_kg, birth_order, num_brothers, num_sisters, num_sons, son_ages, num_daughters, daughter_ages, code, status, contract_end_date, skill_care_babies, skill_care_toddler, skill_care_children, skill_care_elderly, skill_care_disabled, skill_care_bedridden, skill_care_pet, skill_household, skill_car_washing, skill_gardening, skill_cooking, skill_driving, skill_pickup_taobao, lang_english, lang_cantonese, lang_mandarin, eats_pork, available_sundays, can_share_room, remark) VALUES
('f5e77d4d-cf30-cf2d-9097-a70286ee6241', 'Wati Permata', '/images/workers/worker-18.jpg', 'Indonesian', 'F', '1983-02-25', 'Single', 'High School', 'Muslim', 155, 51, 1, 4, 1, 0, NULL, 0, NULL, 'EM 1018', 'available', '2026-07-16', FALSE, FALSE, TRUE, FALSE, FALSE, TRUE, FALSE, TRUE, TRUE, FALSE, TRUE, TRUE, TRUE, 'good', 'fair', 'fair', NULL, FALSE, TRUE, NULL);
INSERT INTO workers (id, name, photo_url, nationality, gender, date_of_birth, marital_status, education, religion, height_cm, weight_kg, birth_order, num_brothers, num_sisters, num_sons, son_ages, num_daughters, daughter_ages, code, status, contract_end_date, skill_care_babies, skill_care_toddler, skill_care_children, skill_care_elderly, skill_care_disabled, skill_care_bedridden, skill_care_pet, skill_household, skill_car_washing, skill_gardening, skill_cooking, skill_driving, skill_pickup_taobao, lang_english, lang_cantonese, lang_mandarin, eats_pork, available_sundays, can_share_room, remark) VALUES
('e497cd2f-65f2-ef76-0336-5a0850b51605', 'Dewi Lestari', '/images/workers/worker-19.jpg', 'Indonesian', 'F', '1981-05-28', 'Single', 'University', 'Muslim', 149, 56, 5, 3, 2, 0, NULL, 0, NULL, 'EM 1019', 'available', '2026-10-21', TRUE, FALSE, FALSE, TRUE, FALSE, FALSE, FALSE, TRUE, FALSE, FALSE, TRUE, TRUE, FALSE, 'fair', 'fair', 'fair', NULL, FALSE, TRUE, NULL);
INSERT INTO workers (id, name, photo_url, nationality, gender, date_of_birth, marital_status, education, religion, height_cm, weight_kg, birth_order, num_brothers, num_sisters, num_sons, son_ages, num_daughters, daughter_ages, code, status, contract_end_date, skill_care_babies, skill_care_toddler, skill_care_children, skill_care_elderly, skill_care_disabled, skill_care_bedridden, skill_care_pet, skill_household, skill_car_washing, skill_gardening, skill_cooking, skill_driving, skill_pickup_taobao, lang_english, lang_cantonese, lang_mandarin, eats_pork, available_sundays, can_share_room, remark) VALUES
('6f33f708-8343-b946-a56a-62c3c4ef7978', 'Wati Permata', '/images/workers/worker-20.jpg', 'Indonesian', 'F', '2001-05-15', 'Married', 'Elementary', 'Muslim', 166, 64, 4, 2, 0, 1, '18', 0, NULL, 'EM 1020', 'available', '2026-08-26', TRUE, TRUE, FALSE, FALSE, FALSE, FALSE, TRUE, TRUE, FALSE, FALSE, TRUE, FALSE, FALSE, 'poor', 'poor', 'fair', NULL, TRUE, TRUE, NULL);
INSERT INTO workers (id, name, photo_url, nationality, gender, date_of_birth, marital_status, education, religion, height_cm, weight_kg, birth_order, num_brothers, num_sisters, num_sons, son_ages, num_daughters, daughter_ages, code, status, contract_end_date, skill_care_babies, skill_care_toddler, skill_care_children, skill_care_elderly, skill_care_disabled, skill_care_bedridden, skill_care_pet, skill_household, skill_car_washing, skill_gardening, skill_cooking, skill_driving, skill_pickup_taobao, lang_english, lang_cantonese, lang_mandarin, eats_pork, available_sundays, can_share_room, remark) VALUES
('cbe54c28-a36b-1e87-89dc-68ceaf517df1', 'Rina Handayani', '/images/workers/worker-21.jpg', 'Indonesian', 'F', '1988-09-17', 'Divorced', 'Elementary', 'Muslim', 165, 55, 3, 3, 2, 0, NULL, 0, NULL, 'EM 1021', 'available', '2026-08-04', FALSE, FALSE, FALSE, TRUE, FALSE, TRUE, FALSE, TRUE, FALSE, FALSE, TRUE, TRUE, TRUE, 'good', 'good', 'poor', NULL, TRUE, FALSE, NULL);
INSERT INTO workers (id, name, photo_url, nationality, gender, date_of_birth, marital_status, education, religion, height_cm, weight_kg, birth_order, num_brothers, num_sisters, num_sons, son_ages, num_daughters, daughter_ages, code, status, contract_end_date, skill_care_babies, skill_care_toddler, skill_care_children, skill_care_elderly, skill_care_disabled, skill_care_bedridden, skill_care_pet, skill_household, skill_car_washing, skill_gardening, skill_cooking, skill_driving, skill_pickup_taobao, lang_english, lang_cantonese, lang_mandarin, eats_pork, available_sundays, can_share_room, remark) VALUES
('d560f64b-e3dd-7ffa-98b4-85deaaaa1310', 'Rina Wulandari', '/images/workers/worker-22.jpg', 'Indonesian', 'F', '1983-08-04', 'Single', 'University', 'Muslim', 157, 60, 4, 3, 2, 0, NULL, 0, NULL, 'EM 1022', 'available', '2026-06-09', FALSE, FALSE, FALSE, FALSE, TRUE, FALSE, TRUE, TRUE, FALSE, TRUE, TRUE, TRUE, FALSE, 'good', 'poor', 'good', NULL, TRUE, FALSE, NULL);
INSERT INTO workers (id, name, photo_url, nationality, gender, date_of_birth, marital_status, education, religion, height_cm, weight_kg, birth_order, num_brothers, num_sisters, num_sons, son_ages, num_daughters, daughter_ages, code, status, contract_end_date, skill_care_babies, skill_care_toddler, skill_care_children, skill_care_elderly, skill_care_disabled, skill_care_bedridden, skill_care_pet, skill_household, skill_car_washing, skill_gardening, skill_cooking, skill_driving, skill_pickup_taobao, lang_english, lang_cantonese, lang_mandarin, eats_pork, available_sundays, can_share_room, remark) VALUES
('6b641b3b-ab20-dd48-8546-a1a97c73708c', 'Rina Kusuma', '/images/workers/worker-23.jpg', 'Indonesian', 'F', '1994-10-20', 'Single', 'University', 'Muslim', 151, 69, 2, 1, 2, 0, NULL, 0, NULL, 'EM 1023', 'available', '2026-07-08', TRUE, TRUE, TRUE, FALSE, FALSE, TRUE, TRUE, TRUE, FALSE, FALSE, TRUE, FALSE, FALSE, 'good', 'poor', 'fair', NULL, TRUE, TRUE, NULL);
INSERT INTO workers (id, name, photo_url, nationality, gender, date_of_birth, marital_status, education, religion, height_cm, weight_kg, birth_order, num_brothers, num_sisters, num_sons, son_ages, num_daughters, daughter_ages, code, status, contract_end_date, skill_care_babies, skill_care_toddler, skill_care_children, skill_care_elderly, skill_care_disabled, skill_care_bedridden, skill_care_pet, skill_household, skill_car_washing, skill_gardening, skill_cooking, skill_driving, skill_pickup_taobao, lang_english, lang_cantonese, lang_mandarin, eats_pork, available_sundays, can_share_room, remark) VALUES
('d8eb6412-0826-c069-8293-b3205fe0a658', 'Khin Oo', '/images/workers/worker-24.jpg', 'Myanmar', 'F', '1999-02-02', 'Married', 'Vocational', 'Buddhist', 167, 68, 5, 2, 3, 2, '15 / 11', 1, '19', 'EM 1024', 'processing', '2026-09-15', TRUE, TRUE, FALSE, TRUE, TRUE, TRUE, FALSE, TRUE, FALSE, FALSE, TRUE, FALSE, TRUE, 'poor', 'fair', 'good', TRUE, FALSE, TRUE, NULL);
INSERT INTO workers (id, name, photo_url, nationality, gender, date_of_birth, marital_status, education, religion, height_cm, weight_kg, birth_order, num_brothers, num_sisters, num_sons, son_ages, num_daughters, daughter_ages, code, status, contract_end_date, skill_care_babies, skill_care_toddler, skill_care_children, skill_care_elderly, skill_care_disabled, skill_care_bedridden, skill_care_pet, skill_household, skill_car_washing, skill_gardening, skill_cooking, skill_driving, skill_pickup_taobao, lang_english, lang_cantonese, lang_mandarin, eats_pork, available_sundays, can_share_room, remark) VALUES
('b9cfda65-2e74-7c1f-a53c-4cc6c1117e2f', 'Zin Win', '/images/workers/worker-25.jpg', 'Myanmar', 'F', '1983-08-03', 'Widowed', 'Vocational', 'Buddhist', 161, 55, 3, 0, 1, 0, NULL, 0, NULL, 'EM 1025', 'available', '2026-09-23', FALSE, FALSE, FALSE, FALSE, TRUE, TRUE, TRUE, TRUE, FALSE, FALSE, TRUE, TRUE, FALSE, 'poor', 'poor', 'good', TRUE, FALSE, TRUE, NULL);
INSERT INTO workers (id, name, photo_url, nationality, gender, date_of_birth, marital_status, education, religion, height_cm, weight_kg, birth_order, num_brothers, num_sisters, num_sons, son_ages, num_daughters, daughter_ages, code, status, contract_end_date, skill_care_babies, skill_care_toddler, skill_care_children, skill_care_elderly, skill_care_disabled, skill_care_bedridden, skill_care_pet, skill_household, skill_car_washing, skill_gardening, skill_cooking, skill_driving, skill_pickup_taobao, lang_english, lang_cantonese, lang_mandarin, eats_pork, available_sundays, can_share_room, remark) VALUES
('7ca5d0ed-e9e4-b2dd-1525-e9d3d1f7fbe4', 'Aye Thida', '/images/workers/worker-26.jpg', 'Myanmar', 'F', '1995-09-05', 'Divorced', 'Elementary', 'Buddhist', 163, 48, 1, 4, 1, 0, NULL, 0, NULL, 'EM 1026', 'available', '2026-10-01', FALSE, TRUE, FALSE, FALSE, FALSE, TRUE, FALSE, TRUE, FALSE, FALSE, TRUE, FALSE, FALSE, 'good', 'poor', 'fair', TRUE, TRUE, FALSE, NULL);
INSERT INTO workers (id, name, photo_url, nationality, gender, date_of_birth, marital_status, education, religion, height_cm, weight_kg, birth_order, num_brothers, num_sisters, num_sons, son_ages, num_daughters, daughter_ages, code, status, contract_end_date, skill_care_babies, skill_care_toddler, skill_care_children, skill_care_elderly, skill_care_disabled, skill_care_bedridden, skill_care_pet, skill_household, skill_car_washing, skill_gardening, skill_cooking, skill_driving, skill_pickup_taobao, lang_english, lang_cantonese, lang_mandarin, eats_pork, available_sundays, can_share_room, remark) VALUES
('55bc0a69-2b8d-6f81-430b-0b04a8778c53', 'Sita Gurung', '/images/workers/worker-27.jpg', 'Nepalese', 'F', '1995-07-11', 'Divorced', 'High School', 'Hindu', 157, 68, 3, 4, 4, 0, NULL, 0, NULL, 'EM 1027', 'hired', '2026-12-05', FALSE, FALSE, TRUE, FALSE, TRUE, FALSE, FALSE, TRUE, TRUE, TRUE, TRUE, FALSE, TRUE, 'fair', 'fair', 'good', FALSE, FALSE, TRUE, NULL);
INSERT INTO workers (id, name, photo_url, nationality, gender, date_of_birth, marital_status, education, religion, height_cm, weight_kg, birth_order, num_brothers, num_sisters, num_sons, son_ages, num_daughters, daughter_ages, code, status, contract_end_date, skill_care_babies, skill_care_toddler, skill_care_children, skill_care_elderly, skill_care_disabled, skill_care_bedridden, skill_care_pet, skill_household, skill_car_washing, skill_gardening, skill_cooking, skill_driving, skill_pickup_taobao, lang_english, lang_cantonese, lang_mandarin, eats_pork, available_sundays, can_share_room, remark) VALUES
('e2485bb6-6425-3e83-8de0-4a9e5640230e', 'Sita Gurung', '/images/workers/worker-28.jpg', 'Nepalese', 'F', '1987-10-11', 'Single', 'Elementary', 'Hindu', 151, 61, 4, 0, 1, 0, NULL, 0, NULL, 'EM 1028', 'hired', '2026-12-21', FALSE, TRUE, FALSE, TRUE, FALSE, TRUE, TRUE, TRUE, FALSE, FALSE, TRUE, FALSE, FALSE, 'good', 'poor', 'good', TRUE, FALSE, FALSE, NULL);
INSERT INTO workers (id, name, photo_url, nationality, gender, date_of_birth, marital_status, education, religion, height_cm, weight_kg, birth_order, num_brothers, num_sisters, num_sons, son_ages, num_daughters, daughter_ages, code, status, contract_end_date, skill_care_babies, skill_care_toddler, skill_care_children, skill_care_elderly, skill_care_disabled, skill_care_bedridden, skill_care_pet, skill_household, skill_car_washing, skill_gardening, skill_cooking, skill_driving, skill_pickup_taobao, lang_english, lang_cantonese, lang_mandarin, eats_pork, available_sundays, can_share_room, remark) VALUES
('633d6624-74ee-afd8-b91d-f46412c32f37', 'Pornpan Saelee', '/images/workers/worker-29.jpg', 'Thai', 'F', '1990-02-25', 'Single', 'Elementary', 'Buddhist', 153, 67, 3, 0, 0, 0, NULL, 0, NULL, 'EM 1029', 'available', '2026-12-02', TRUE, TRUE, TRUE, FALSE, FALSE, FALSE, TRUE, TRUE, FALSE, FALSE, TRUE, FALSE, TRUE, 'fair', 'fair', 'fair', TRUE, FALSE, TRUE, NULL);
INSERT INTO workers (id, name, photo_url, nationality, gender, date_of_birth, marital_status, education, religion, height_cm, weight_kg, birth_order, num_brothers, num_sisters, num_sons, son_ages, num_daughters, daughter_ages, code, status, contract_end_date, skill_care_babies, skill_care_toddler, skill_care_children, skill_care_elderly, skill_care_disabled, skill_care_bedridden, skill_care_pet, skill_household, skill_car_washing, skill_gardening, skill_cooking, skill_driving, skill_pickup_taobao, lang_english, lang_cantonese, lang_mandarin, eats_pork, available_sundays, can_share_room, remark) VALUES
('042cc7c2-560b-0cb9-c75b-693192bb2bfd', 'Somsri Srisai', '/images/workers/worker-30.jpg', 'Thai', 'F', '1998-02-15', 'Divorced', 'University', 'Buddhist', 157, 65, 4, 2, 3, 0, NULL, 0, NULL, 'EM 1030', 'available', '2026-09-28', FALSE, TRUE, FALSE, FALSE, FALSE, TRUE, FALSE, TRUE, TRUE, FALSE, TRUE, FALSE, TRUE, 'fair', 'fair', 'poor', TRUE, TRUE, TRUE, NULL);

-- ── Overseas Experience ──
INSERT INTO worker_overseas_experience (worker_id, country, duration, display_order) VALUES ('c4da537c-1651-ddae-4486-7db30d67b366', 'Taiwan', '3 years', 1);
INSERT INTO worker_overseas_experience (worker_id, country, duration, display_order) VALUES ('c4da537c-1651-ddae-4486-7db30d67b366', 'Brunei', '2 years', 2);
INSERT INTO worker_overseas_experience (worker_id, country, duration, display_order) VALUES ('c4da537c-1651-ddae-4486-7db30d67b366', 'Brunei', '1 year', 3);
INSERT INTO worker_overseas_experience (worker_id, country, duration, display_order) VALUES ('d6a82a95-1b92-3e0a-443c-def36840ff07', 'Middle East', '1 year', 1);
INSERT INTO worker_overseas_experience (worker_id, country, duration, display_order) VALUES ('d6a82a95-1b92-3e0a-443c-def36840ff07', 'Malaysia', '6 months', 2);
INSERT INTO worker_overseas_experience (worker_id, country, duration, display_order) VALUES ('610e4ad5-09c4-7055-dff4-948fe6b4f832', 'Singapore', '2 years', 1);
INSERT INTO worker_overseas_experience (worker_id, country, duration, display_order) VALUES ('610e4ad5-09c4-7055-dff4-948fe6b4f832', 'Taiwan', '6 months', 2);
INSERT INTO worker_overseas_experience (worker_id, country, duration, display_order) VALUES ('610e4ad5-09c4-7055-dff4-948fe6b4f832', 'Brunei', '1.5 years', 3);
INSERT INTO worker_overseas_experience (worker_id, country, duration, display_order) VALUES ('573e8d77-550a-e889-8ff4-1e8d8944897c', 'Singapore', '3 years', 1);
INSERT INTO worker_overseas_experience (worker_id, country, duration, display_order) VALUES ('2293202c-28df-a298-0d49-6d4bda22594f', 'Taiwan', '5 years', 1);
INSERT INTO worker_overseas_experience (worker_id, country, duration, display_order) VALUES ('2293202c-28df-a298-0d49-6d4bda22594f', 'Singapore', '5 years', 2);
INSERT INTO worker_overseas_experience (worker_id, country, duration, display_order) VALUES ('2293202c-28df-a298-0d49-6d4bda22594f', 'Middle East', '5 years', 3);
INSERT INTO worker_overseas_experience (worker_id, country, duration, display_order) VALUES ('b3a1f131-5573-ae2d-8f9b-34c95653d4bd', 'Taiwan', '2 years', 1);
INSERT INTO worker_overseas_experience (worker_id, country, duration, display_order) VALUES ('b3a1f131-5573-ae2d-8f9b-34c95653d4bd', 'Middle East', '2 years', 2);
INSERT INTO worker_overseas_experience (worker_id, country, duration, display_order) VALUES ('b3a1f131-5573-ae2d-8f9b-34c95653d4bd', 'Singapore', '4 years', 3);
INSERT INTO worker_overseas_experience (worker_id, country, duration, display_order) VALUES ('e7e96d54-006d-7b34-29ed-479c3ec3068c', 'Brunei', '1.5 years', 1);
INSERT INTO worker_overseas_experience (worker_id, country, duration, display_order) VALUES ('e7e96d54-006d-7b34-29ed-479c3ec3068c', 'Malaysia', '6 months', 2);
INSERT INTO worker_overseas_experience (worker_id, country, duration, display_order) VALUES ('e7e96d54-006d-7b34-29ed-479c3ec3068c', 'Hong Kong', '1.5 years', 3);
INSERT INTO worker_overseas_experience (worker_id, country, duration, display_order) VALUES ('e0edeaf1-166d-d683-c609-dcba6fafc520', 'Taiwan', '2 years', 1);
INSERT INTO worker_overseas_experience (worker_id, country, duration, display_order) VALUES ('01b0366f-11e3-74ee-60aa-0d3098fc4743', 'Taiwan', '5 years', 1);
INSERT INTO worker_overseas_experience (worker_id, country, duration, display_order) VALUES ('01b0366f-11e3-74ee-60aa-0d3098fc4743', 'Malaysia', '1.5 years', 2);
INSERT INTO worker_overseas_experience (worker_id, country, duration, display_order) VALUES ('1a1f141b-72c5-3633-bb66-ecb350c1eb44', 'Taiwan', '2 years', 1);
INSERT INTO worker_overseas_experience (worker_id, country, duration, display_order) VALUES ('1a1f141b-72c5-3633-bb66-ecb350c1eb44', 'Brunei', '4 years', 2);
INSERT INTO worker_overseas_experience (worker_id, country, duration, display_order) VALUES ('1a1f141b-72c5-3633-bb66-ecb350c1eb44', 'Middle East', '1 year', 3);
INSERT INTO worker_overseas_experience (worker_id, country, duration, display_order) VALUES ('aac9912d-17bf-6b18-0b3c-354de7c834d3', 'Malaysia', '6 months', 1);
INSERT INTO worker_overseas_experience (worker_id, country, duration, display_order) VALUES ('aac9912d-17bf-6b18-0b3c-354de7c834d3', 'Malaysia', '4 years', 2);
INSERT INTO worker_overseas_experience (worker_id, country, duration, display_order) VALUES ('aac9912d-17bf-6b18-0b3c-354de7c834d3', 'Brunei', '2 years', 3);
INSERT INTO worker_overseas_experience (worker_id, country, duration, display_order) VALUES ('e81775f3-ca42-25f7-2051-e671246595df', 'Middle East', '5 years', 1);
INSERT INTO worker_overseas_experience (worker_id, country, duration, display_order) VALUES ('e81775f3-ca42-25f7-2051-e671246595df', 'Brunei', '1.5 years', 2);
INSERT INTO worker_overseas_experience (worker_id, country, duration, display_order) VALUES ('e81775f3-ca42-25f7-2051-e671246595df', 'Hong Kong', '3 years', 3);
INSERT INTO worker_overseas_experience (worker_id, country, duration, display_order) VALUES ('6e3e43c2-e941-2995-4ab3-8105056fb885', 'Hong Kong', '5 years', 1);
INSERT INTO worker_overseas_experience (worker_id, country, duration, display_order) VALUES ('7823908d-43ec-1f85-7a17-a6a492cadf50', 'Hong Kong', '2 years', 1);
INSERT INTO worker_overseas_experience (worker_id, country, duration, display_order) VALUES ('7823908d-43ec-1f85-7a17-a6a492cadf50', 'Singapore', '3 years', 2);
INSERT INTO worker_overseas_experience (worker_id, country, duration, display_order) VALUES ('4e1ad87e-c4cf-bb8a-0968-02f6d67c8720', 'Middle East', '6 months', 1);
INSERT INTO worker_overseas_experience (worker_id, country, duration, display_order) VALUES ('4e1ad87e-c4cf-bb8a-0968-02f6d67c8720', 'Brunei', '1.5 years', 2);
INSERT INTO worker_overseas_experience (worker_id, country, duration, display_order) VALUES ('7ba35975-cd2e-e163-858c-2e6e57ed22d0', 'Brunei', '3 years', 1);
INSERT INTO worker_overseas_experience (worker_id, country, duration, display_order) VALUES ('7ba35975-cd2e-e163-858c-2e6e57ed22d0', 'Middle East', '2 years', 2);
INSERT INTO worker_overseas_experience (worker_id, country, duration, display_order) VALUES ('7ba35975-cd2e-e163-858c-2e6e57ed22d0', 'Middle East', '1.5 years', 3);
INSERT INTO worker_overseas_experience (worker_id, country, duration, display_order) VALUES ('a3858cde-9be1-092e-d23e-e3c934f4f040', 'Hong Kong', '6 months', 1);
INSERT INTO worker_overseas_experience (worker_id, country, duration, display_order) VALUES ('a3858cde-9be1-092e-d23e-e3c934f4f040', 'Singapore', '2.5 years', 2);
INSERT INTO worker_overseas_experience (worker_id, country, duration, display_order) VALUES ('f5e77d4d-cf30-cf2d-9097-a70286ee6241', 'Singapore', '6 months', 1);
INSERT INTO worker_overseas_experience (worker_id, country, duration, display_order) VALUES ('f5e77d4d-cf30-cf2d-9097-a70286ee6241', 'Hong Kong', '6 months', 2);
INSERT INTO worker_overseas_experience (worker_id, country, duration, display_order) VALUES ('e497cd2f-65f2-ef76-0336-5a0850b51605', 'Brunei', '6 months', 1);
INSERT INTO worker_overseas_experience (worker_id, country, duration, display_order) VALUES ('e497cd2f-65f2-ef76-0336-5a0850b51605', 'Hong Kong', '1.5 years', 2);
INSERT INTO worker_overseas_experience (worker_id, country, duration, display_order) VALUES ('e497cd2f-65f2-ef76-0336-5a0850b51605', 'Taiwan', '4 years', 3);
INSERT INTO worker_overseas_experience (worker_id, country, duration, display_order) VALUES ('6f33f708-8343-b946-a56a-62c3c4ef7978', 'Middle East', '2 years', 1);
INSERT INTO worker_overseas_experience (worker_id, country, duration, display_order) VALUES ('cbe54c28-a36b-1e87-89dc-68ceaf517df1', 'Singapore', '1 year', 1);
INSERT INTO worker_overseas_experience (worker_id, country, duration, display_order) VALUES ('cbe54c28-a36b-1e87-89dc-68ceaf517df1', 'Hong Kong', '6 months', 2);
INSERT INTO worker_overseas_experience (worker_id, country, duration, display_order) VALUES ('cbe54c28-a36b-1e87-89dc-68ceaf517df1', 'Singapore', '3 years', 3);
INSERT INTO worker_overseas_experience (worker_id, country, duration, display_order) VALUES ('d560f64b-e3dd-7ffa-98b4-85deaaaa1310', 'Singapore', '2 years', 1);
INSERT INTO worker_overseas_experience (worker_id, country, duration, display_order) VALUES ('d560f64b-e3dd-7ffa-98b4-85deaaaa1310', 'Malaysia', '4 years', 2);
INSERT INTO worker_overseas_experience (worker_id, country, duration, display_order) VALUES ('d560f64b-e3dd-7ffa-98b4-85deaaaa1310', 'Malaysia', '4 years', 3);
INSERT INTO worker_overseas_experience (worker_id, country, duration, display_order) VALUES ('6b641b3b-ab20-dd48-8546-a1a97c73708c', 'Taiwan', '3 years', 1);
INSERT INTO worker_overseas_experience (worker_id, country, duration, display_order) VALUES ('d8eb6412-0826-c069-8293-b3205fe0a658', 'Hong Kong', '5 years', 1);
INSERT INTO worker_overseas_experience (worker_id, country, duration, display_order) VALUES ('d8eb6412-0826-c069-8293-b3205fe0a658', 'Singapore', '3 years', 2);
INSERT INTO worker_overseas_experience (worker_id, country, duration, display_order) VALUES ('d8eb6412-0826-c069-8293-b3205fe0a658', 'Malaysia', '5 years', 3);
INSERT INTO worker_overseas_experience (worker_id, country, duration, display_order) VALUES ('b9cfda65-2e74-7c1f-a53c-4cc6c1117e2f', 'Hong Kong', '1 year', 1);
INSERT INTO worker_overseas_experience (worker_id, country, duration, display_order) VALUES ('7ca5d0ed-e9e4-b2dd-1525-e9d3d1f7fbe4', 'Hong Kong', '6 months', 1);
INSERT INTO worker_overseas_experience (worker_id, country, duration, display_order) VALUES ('55bc0a69-2b8d-6f81-430b-0b04a8778c53', 'Malaysia', '6 months', 1);
INSERT INTO worker_overseas_experience (worker_id, country, duration, display_order) VALUES ('e2485bb6-6425-3e83-8de0-4a9e5640230e', 'Singapore', '5 years', 1);
INSERT INTO worker_overseas_experience (worker_id, country, duration, display_order) VALUES ('633d6624-74ee-afd8-b91d-f46412c32f37', 'Singapore', '1.5 years', 1);
INSERT INTO worker_overseas_experience (worker_id, country, duration, display_order) VALUES ('042cc7c2-560b-0cb9-c75b-693192bb2bfd', 'Hong Kong', '2 years', 1);
INSERT INTO worker_overseas_experience (worker_id, country, duration, display_order) VALUES ('042cc7c2-560b-0cb9-c75b-693192bb2bfd', 'Middle East', '2.5 years', 2);
INSERT INTO worker_overseas_experience (worker_id, country, duration, display_order) VALUES ('042cc7c2-560b-0cb9-c75b-693192bb2bfd', 'Taiwan', '2 years', 3);

-- ── Previous Duties ──
INSERT INTO worker_previous_duties (worker_id, job_order, working_country, duration_from, duration_to, salary, reason_to_leave, employer_family_info, skill_care_babies, skill_care_toddler, skill_care_children, skill_care_elderly, skill_care_disabled, skill_care_bedridden, baby_age_range, toddler_age_range, children_age_range, skill_care_pet, skill_household, skill_car_washing, skill_gardening, skill_cooking, skill_driving, skill_pickup_taobao) VALUES
('c4da537c-1651-ddae-4486-7db30d67b366', 1, 'Malaysia', '2023', '2026', 'HK$4870', '尋求更好待遇', '一家三口，有一個小孩', FALSE, FALSE, TRUE, TRUE, FALSE, FALSE, NULL, NULL, '6-12 歲', FALSE, FALSE, FALSE, TRUE, TRUE, FALSE, TRUE);
INSERT INTO worker_previous_duties (worker_id, job_order, working_country, duration_from, duration_to, salary, reason_to_leave, employer_family_info, skill_care_babies, skill_care_toddler, skill_care_children, skill_care_elderly, skill_care_disabled, skill_care_bedridden, baby_age_range, toddler_age_range, children_age_range, skill_care_pet, skill_household, skill_car_washing, skill_gardening, skill_cooking, skill_driving, skill_pickup_taobao) VALUES
('c4da537c-1651-ddae-4486-7db30d67b366', 2, 'Middle East', '2021', '2024', 'HK$5500', '尋求更好待遇', '一家五口，有嬰兒', FALSE, TRUE, FALSE, FALSE, FALSE, FALSE, NULL, '3-6 歲', NULL, FALSE, TRUE, FALSE, TRUE, TRUE, FALSE, FALSE);
INSERT INTO worker_previous_duties (worker_id, job_order, working_country, duration_from, duration_to, salary, reason_to_leave, employer_family_info, skill_care_babies, skill_care_toddler, skill_care_children, skill_care_elderly, skill_care_disabled, skill_care_bedridden, baby_age_range, toddler_age_range, children_age_range, skill_care_pet, skill_household, skill_car_washing, skill_gardening, skill_cooking, skill_driving, skill_pickup_taobao) VALUES
('d6a82a95-1b92-3e0a-443c-def36840ff07', 1, 'Taiwan', '2019', '2022', 'HK$5800', '家庭需要', '一家五口，有嬰兒', FALSE, TRUE, FALSE, TRUE, TRUE, FALSE, NULL, '1-3 歲', NULL, FALSE, FALSE, FALSE, FALSE, TRUE, TRUE, FALSE);
INSERT INTO worker_previous_duties (worker_id, job_order, working_country, duration_from, duration_to, salary, reason_to_leave, employer_family_info, skill_care_babies, skill_care_toddler, skill_care_children, skill_care_elderly, skill_care_disabled, skill_care_bedridden, baby_age_range, toddler_age_range, children_age_range, skill_care_pet, skill_household, skill_car_washing, skill_gardening, skill_cooking, skill_driving, skill_pickup_taobao) VALUES
('d6a82a95-1b92-3e0a-443c-def36840ff07', 2, 'Taiwan', '2018', '2021', 'HK$5500', '家庭需要', '一家五口，有嬰兒', FALSE, TRUE, FALSE, FALSE, FALSE, FALSE, NULL, '3-6 歲', NULL, TRUE, TRUE, TRUE, FALSE, FALSE, FALSE, FALSE);
INSERT INTO worker_previous_duties (worker_id, job_order, working_country, duration_from, duration_to, salary, reason_to_leave, employer_family_info, skill_care_babies, skill_care_toddler, skill_care_children, skill_care_elderly, skill_care_disabled, skill_care_bedridden, baby_age_range, toddler_age_range, children_age_range, skill_care_pet, skill_household, skill_car_washing, skill_gardening, skill_cooking, skill_driving, skill_pickup_taobao) VALUES
('610e4ad5-09c4-7055-dff4-948fe6b4f832', 1, 'Singapore', '2020', '2022', 'HK$5000', '僱主搬家', '單親家庭，一個小孩', FALSE, TRUE, TRUE, FALSE, TRUE, FALSE, NULL, '1-3 歲', '3-6 歲', FALSE, TRUE, FALSE, FALSE, FALSE, TRUE, TRUE);
INSERT INTO worker_previous_duties (worker_id, job_order, working_country, duration_from, duration_to, salary, reason_to_leave, employer_family_info, skill_care_babies, skill_care_toddler, skill_care_children, skill_care_elderly, skill_care_disabled, skill_care_bedridden, baby_age_range, toddler_age_range, children_age_range, skill_care_pet, skill_household, skill_car_washing, skill_gardening, skill_cooking, skill_driving, skill_pickup_taobao) VALUES
('573e8d77-550a-e889-8ff4-1e8d8944897c', 1, 'Singapore', '2018', '2020', 'HK$5500', '合約完結', '三代同堂，有老人和小孩', FALSE, FALSE, FALSE, FALSE, TRUE, FALSE, NULL, NULL, NULL, TRUE, TRUE, FALSE, FALSE, FALSE, TRUE, TRUE);
INSERT INTO worker_previous_duties (worker_id, job_order, working_country, duration_from, duration_to, salary, reason_to_leave, employer_family_info, skill_care_babies, skill_care_toddler, skill_care_children, skill_care_elderly, skill_care_disabled, skill_care_bedridden, baby_age_range, toddler_age_range, children_age_range, skill_care_pet, skill_household, skill_car_washing, skill_gardening, skill_cooking, skill_driving, skill_pickup_taobao) VALUES
('2293202c-28df-a298-0d49-6d4bda22594f', 1, 'Singapore', '2019', '2021', 'HK$5000', '僱主移民', '單親家庭，一個小孩', TRUE, TRUE, FALSE, TRUE, TRUE, FALSE, '0-1 歲', '3-6 歲', NULL, TRUE, FALSE, FALSE, FALSE, FALSE, FALSE, FALSE);
INSERT INTO worker_previous_duties (worker_id, job_order, working_country, duration_from, duration_to, salary, reason_to_leave, employer_family_info, skill_care_babies, skill_care_toddler, skill_care_children, skill_care_elderly, skill_care_disabled, skill_care_bedridden, baby_age_range, toddler_age_range, children_age_range, skill_care_pet, skill_household, skill_car_washing, skill_gardening, skill_cooking, skill_driving, skill_pickup_taobao) VALUES
('b3a1f131-5573-ae2d-8f9b-34c95653d4bd', 1, 'Malaysia', '2021', '2023', 'HK$5300', '僱主搬家', '三代同堂，有老人和小孩', TRUE, TRUE, TRUE, FALSE, FALSE, FALSE, '1-3 歲', '1-3 歲', '6-12 歲', FALSE, TRUE, FALSE, TRUE, FALSE, FALSE, FALSE);
INSERT INTO worker_previous_duties (worker_id, job_order, working_country, duration_from, duration_to, salary, reason_to_leave, employer_family_info, skill_care_babies, skill_care_toddler, skill_care_children, skill_care_elderly, skill_care_disabled, skill_care_bedridden, baby_age_range, toddler_age_range, children_age_range, skill_care_pet, skill_household, skill_car_washing, skill_gardening, skill_cooking, skill_driving, skill_pickup_taobao) VALUES
('b3a1f131-5573-ae2d-8f9b-34c95653d4bd', 2, 'Singapore', '2018', '2021', 'HK$4630', '尋求更好待遇', '三代同堂，有老人和小孩', FALSE, FALSE, TRUE, TRUE, FALSE, FALSE, NULL, NULL, '6-12 歲', TRUE, TRUE, TRUE, FALSE, FALSE, FALSE, TRUE);
INSERT INTO worker_previous_duties (worker_id, job_order, working_country, duration_from, duration_to, salary, reason_to_leave, employer_family_info, skill_care_babies, skill_care_toddler, skill_care_children, skill_care_elderly, skill_care_disabled, skill_care_bedridden, baby_age_range, toddler_age_range, children_age_range, skill_care_pet, skill_household, skill_car_washing, skill_gardening, skill_cooking, skill_driving, skill_pickup_taobao) VALUES
('e7e96d54-006d-7b34-29ed-479c3ec3068c', 1, 'Brunei', '2022', '2024', 'HK$5500', '僱主搬家', '三代同堂，有老人和小孩', FALSE, FALSE, TRUE, TRUE, FALSE, TRUE, NULL, NULL, '3-6 歲', TRUE, TRUE, FALSE, TRUE, FALSE, TRUE, FALSE);
INSERT INTO worker_previous_duties (worker_id, job_order, working_country, duration_from, duration_to, salary, reason_to_leave, employer_family_info, skill_care_babies, skill_care_toddler, skill_care_children, skill_care_elderly, skill_care_disabled, skill_care_bedridden, baby_age_range, toddler_age_range, children_age_range, skill_care_pet, skill_household, skill_car_washing, skill_gardening, skill_cooking, skill_driving, skill_pickup_taobao) VALUES
('e7e96d54-006d-7b34-29ed-479c3ec3068c', 2, 'Malaysia', '2021', '2024', 'HK$5500', '尋求更好待遇', '夫妻二人', FALSE, FALSE, FALSE, FALSE, FALSE, FALSE, NULL, NULL, NULL, TRUE, TRUE, TRUE, TRUE, TRUE, FALSE, TRUE);
INSERT INTO worker_previous_duties (worker_id, job_order, working_country, duration_from, duration_to, salary, reason_to_leave, employer_family_info, skill_care_babies, skill_care_toddler, skill_care_children, skill_care_elderly, skill_care_disabled, skill_care_bedridden, baby_age_range, toddler_age_range, children_age_range, skill_care_pet, skill_household, skill_car_washing, skill_gardening, skill_cooking, skill_driving, skill_pickup_taobao) VALUES
('e0edeaf1-166d-d683-c609-dcba6fafc520', 1, 'Hong Kong', '2021', '2024', 'HK$4870', '僱主搬家', '夫妻二人', FALSE, TRUE, FALSE, TRUE, FALSE, TRUE, NULL, '3-6 歲', NULL, FALSE, FALSE, FALSE, TRUE, TRUE, FALSE, TRUE);
INSERT INTO worker_previous_duties (worker_id, job_order, working_country, duration_from, duration_to, salary, reason_to_leave, employer_family_info, skill_care_babies, skill_care_toddler, skill_care_children, skill_care_elderly, skill_care_disabled, skill_care_bedridden, baby_age_range, toddler_age_range, children_age_range, skill_care_pet, skill_household, skill_car_washing, skill_gardening, skill_cooking, skill_driving, skill_pickup_taobao) VALUES
('01b0366f-11e3-74ee-60aa-0d3098fc4743', 1, 'Malaysia', '2020', '2023', 'HK$5800', '僱主移民', '一家五口，有嬰兒', FALSE, FALSE, FALSE, TRUE, TRUE, FALSE, NULL, NULL, NULL, FALSE, FALSE, FALSE, FALSE, FALSE, FALSE, FALSE);
INSERT INTO worker_previous_duties (worker_id, job_order, working_country, duration_from, duration_to, salary, reason_to_leave, employer_family_info, skill_care_babies, skill_care_toddler, skill_care_children, skill_care_elderly, skill_care_disabled, skill_care_bedridden, baby_age_range, toddler_age_range, children_age_range, skill_care_pet, skill_household, skill_car_washing, skill_gardening, skill_cooking, skill_driving, skill_pickup_taobao) VALUES
('1a1f141b-72c5-3633-bb66-ecb350c1eb44', 1, 'Hong Kong', '2019', '2021', 'HK$5000', '家庭需要', '一家四口，有兩個老人', FALSE, FALSE, TRUE, TRUE, TRUE, FALSE, NULL, NULL, '6-12 歲', TRUE, FALSE, FALSE, FALSE, TRUE, TRUE, FALSE);
INSERT INTO worker_previous_duties (worker_id, job_order, working_country, duration_from, duration_to, salary, reason_to_leave, employer_family_info, skill_care_babies, skill_care_toddler, skill_care_children, skill_care_elderly, skill_care_disabled, skill_care_bedridden, baby_age_range, toddler_age_range, children_age_range, skill_care_pet, skill_household, skill_car_washing, skill_gardening, skill_cooking, skill_driving, skill_pickup_taobao) VALUES
('1a1f141b-72c5-3633-bb66-ecb350c1eb44', 2, 'Singapore', '2023', '2026', 'HK$4870', '僱主移民', '單親家庭，一個小孩', FALSE, TRUE, FALSE, TRUE, FALSE, TRUE, NULL, '1-3 歲', NULL, FALSE, TRUE, FALSE, FALSE, FALSE, TRUE, FALSE);
INSERT INTO worker_previous_duties (worker_id, job_order, working_country, duration_from, duration_to, salary, reason_to_leave, employer_family_info, skill_care_babies, skill_care_toddler, skill_care_children, skill_care_elderly, skill_care_disabled, skill_care_bedridden, baby_age_range, toddler_age_range, children_age_range, skill_care_pet, skill_household, skill_car_washing, skill_gardening, skill_cooking, skill_driving, skill_pickup_taobao) VALUES
('aac9912d-17bf-6b18-0b3c-354de7c834d3', 1, 'Brunei', '2020', '2022', 'HK$5500', '想轉換環境', '夫妻二人', FALSE, FALSE, TRUE, TRUE, FALSE, FALSE, NULL, NULL, '3-6 歲', TRUE, TRUE, FALSE, FALSE, FALSE, FALSE, TRUE);
INSERT INTO worker_previous_duties (worker_id, job_order, working_country, duration_from, duration_to, salary, reason_to_leave, employer_family_info, skill_care_babies, skill_care_toddler, skill_care_children, skill_care_elderly, skill_care_disabled, skill_care_bedridden, baby_age_range, toddler_age_range, children_age_range, skill_care_pet, skill_household, skill_car_washing, skill_gardening, skill_cooking, skill_driving, skill_pickup_taobao) VALUES
('aac9912d-17bf-6b18-0b3c-354de7c834d3', 2, 'Taiwan', '2021', '2022', 'HK$5300', '尋求更好待遇', '一家四口，有兩個老人', FALSE, TRUE, TRUE, TRUE, TRUE, TRUE, NULL, '1-3 歲', '3-6 歲', FALSE, TRUE, FALSE, FALSE, TRUE, FALSE, FALSE);
INSERT INTO worker_previous_duties (worker_id, job_order, working_country, duration_from, duration_to, salary, reason_to_leave, employer_family_info, skill_care_babies, skill_care_toddler, skill_care_children, skill_care_elderly, skill_care_disabled, skill_care_bedridden, baby_age_range, toddler_age_range, children_age_range, skill_care_pet, skill_household, skill_car_washing, skill_gardening, skill_cooking, skill_driving, skill_pickup_taobao) VALUES
('e81775f3-ca42-25f7-2051-e671246595df', 1, 'Taiwan', '2019', '2022', 'HK$5300', '僱主搬家', '單親家庭，一個小孩', FALSE, FALSE, FALSE, TRUE, TRUE, TRUE, NULL, NULL, NULL, FALSE, FALSE, FALSE, FALSE, TRUE, TRUE, TRUE);
INSERT INTO worker_previous_duties (worker_id, job_order, working_country, duration_from, duration_to, salary, reason_to_leave, employer_family_info, skill_care_babies, skill_care_toddler, skill_care_children, skill_care_elderly, skill_care_disabled, skill_care_bedridden, baby_age_range, toddler_age_range, children_age_range, skill_care_pet, skill_household, skill_car_washing, skill_gardening, skill_cooking, skill_driving, skill_pickup_taobao) VALUES
('6e3e43c2-e941-2995-4ab3-8105056fb885', 1, 'Hong Kong', '2018', '2021', 'HK$5300', '尋求更好待遇', '一家四口，兩個小孩', FALSE, TRUE, TRUE, FALSE, FALSE, TRUE, NULL, '3-6 歲', '6-12 歲', FALSE, TRUE, TRUE, FALSE, TRUE, FALSE, FALSE);
INSERT INTO worker_previous_duties (worker_id, job_order, working_country, duration_from, duration_to, salary, reason_to_leave, employer_family_info, skill_care_babies, skill_care_toddler, skill_care_children, skill_care_elderly, skill_care_disabled, skill_care_bedridden, baby_age_range, toddler_age_range, children_age_range, skill_care_pet, skill_household, skill_car_washing, skill_gardening, skill_cooking, skill_driving, skill_pickup_taobao) VALUES
('7823908d-43ec-1f85-7a17-a6a492cadf50', 1, 'Brunei', '2023', '2024', 'HK$5300', '家庭需要', '一家五口，有嬰兒', FALSE, TRUE, TRUE, TRUE, TRUE, FALSE, NULL, '1-3 歲', '3-6 歲', FALSE, TRUE, FALSE, TRUE, FALSE, FALSE, FALSE);
INSERT INTO worker_previous_duties (worker_id, job_order, working_country, duration_from, duration_to, salary, reason_to_leave, employer_family_info, skill_care_babies, skill_care_toddler, skill_care_children, skill_care_elderly, skill_care_disabled, skill_care_bedridden, baby_age_range, toddler_age_range, children_age_range, skill_care_pet, skill_household, skill_car_washing, skill_gardening, skill_cooking, skill_driving, skill_pickup_taobao) VALUES
('4e1ad87e-c4cf-bb8a-0968-02f6d67c8720', 1, 'Brunei', '2019', '2020', 'HK$5300', '合約完結', '一家五口，有嬰兒', FALSE, FALSE, TRUE, TRUE, FALSE, FALSE, NULL, NULL, '3-6 歲', FALSE, TRUE, FALSE, TRUE, FALSE, TRUE, FALSE);
INSERT INTO worker_previous_duties (worker_id, job_order, working_country, duration_from, duration_to, salary, reason_to_leave, employer_family_info, skill_care_babies, skill_care_toddler, skill_care_children, skill_care_elderly, skill_care_disabled, skill_care_bedridden, baby_age_range, toddler_age_range, children_age_range, skill_care_pet, skill_household, skill_car_washing, skill_gardening, skill_cooking, skill_driving, skill_pickup_taobao) VALUES
('7ba35975-cd2e-e163-858c-2e6e57ed22d0', 1, 'Middle East', '2021', '2023', 'HK$5300', '僱主搬家', '夫妻二人', FALSE, FALSE, TRUE, FALSE, FALSE, FALSE, NULL, NULL, '6-12 歲', FALSE, TRUE, FALSE, FALSE, FALSE, TRUE, TRUE);
INSERT INTO worker_previous_duties (worker_id, job_order, working_country, duration_from, duration_to, salary, reason_to_leave, employer_family_info, skill_care_babies, skill_care_toddler, skill_care_children, skill_care_elderly, skill_care_disabled, skill_care_bedridden, baby_age_range, toddler_age_range, children_age_range, skill_care_pet, skill_household, skill_car_washing, skill_gardening, skill_cooking, skill_driving, skill_pickup_taobao) VALUES
('7ba35975-cd2e-e163-858c-2e6e57ed22d0', 2, 'Middle East', '2019', '2022', 'HK$5500', '僱主搬家', '夫妻二人', FALSE, FALSE, FALSE, FALSE, FALSE, FALSE, NULL, NULL, NULL, FALSE, FALSE, TRUE, FALSE, TRUE, FALSE, FALSE);
INSERT INTO worker_previous_duties (worker_id, job_order, working_country, duration_from, duration_to, salary, reason_to_leave, employer_family_info, skill_care_babies, skill_care_toddler, skill_care_children, skill_care_elderly, skill_care_disabled, skill_care_bedridden, baby_age_range, toddler_age_range, children_age_range, skill_care_pet, skill_household, skill_car_washing, skill_gardening, skill_cooking, skill_driving, skill_pickup_taobao) VALUES
('a3858cde-9be1-092e-d23e-e3c934f4f040', 1, 'Singapore', '2021', '2022', 'HK$5500', '僱主搬家', '單親家庭，一個小孩', TRUE, TRUE, TRUE, FALSE, FALSE, TRUE, '1-3 歲', '1-3 歲', '3-6 歲', TRUE, FALSE, FALSE, FALSE, TRUE, TRUE, FALSE);
INSERT INTO worker_previous_duties (worker_id, job_order, working_country, duration_from, duration_to, salary, reason_to_leave, employer_family_info, skill_care_babies, skill_care_toddler, skill_care_children, skill_care_elderly, skill_care_disabled, skill_care_bedridden, baby_age_range, toddler_age_range, children_age_range, skill_care_pet, skill_household, skill_car_washing, skill_gardening, skill_cooking, skill_driving, skill_pickup_taobao) VALUES
('f5e77d4d-cf30-cf2d-9097-a70286ee6241', 1, 'Brunei', '2021', '2024', 'HK$4870', '想轉換環境', '一家四口，兩個小孩', TRUE, FALSE, TRUE, TRUE, FALSE, FALSE, '1-3 歲', NULL, '3-6 歲', FALSE, TRUE, TRUE, TRUE, TRUE, FALSE, FALSE);
INSERT INTO worker_previous_duties (worker_id, job_order, working_country, duration_from, duration_to, salary, reason_to_leave, employer_family_info, skill_care_babies, skill_care_toddler, skill_care_children, skill_care_elderly, skill_care_disabled, skill_care_bedridden, baby_age_range, toddler_age_range, children_age_range, skill_care_pet, skill_household, skill_car_washing, skill_gardening, skill_cooking, skill_driving, skill_pickup_taobao) VALUES
('e497cd2f-65f2-ef76-0336-5a0850b51605', 1, 'Taiwan', '2023', '2026', 'HK$4870', '僱主搬家', '三代同堂，有老人和小孩', TRUE, FALSE, TRUE, FALSE, FALSE, TRUE, '1-3 歲', NULL, '6-12 歲', FALSE, TRUE, FALSE, FALSE, FALSE, TRUE, FALSE);
INSERT INTO worker_previous_duties (worker_id, job_order, working_country, duration_from, duration_to, salary, reason_to_leave, employer_family_info, skill_care_babies, skill_care_toddler, skill_care_children, skill_care_elderly, skill_care_disabled, skill_care_bedridden, baby_age_range, toddler_age_range, children_age_range, skill_care_pet, skill_household, skill_car_washing, skill_gardening, skill_cooking, skill_driving, skill_pickup_taobao) VALUES
('e497cd2f-65f2-ef76-0336-5a0850b51605', 2, 'Brunei', '2021', '2023', 'HK$5800', '想轉換環境', '一家四口，兩個小孩', FALSE, TRUE, FALSE, FALSE, FALSE, FALSE, NULL, '1-3 歲', NULL, TRUE, TRUE, FALSE, FALSE, TRUE, FALSE, FALSE);
INSERT INTO worker_previous_duties (worker_id, job_order, working_country, duration_from, duration_to, salary, reason_to_leave, employer_family_info, skill_care_babies, skill_care_toddler, skill_care_children, skill_care_elderly, skill_care_disabled, skill_care_bedridden, baby_age_range, toddler_age_range, children_age_range, skill_care_pet, skill_household, skill_car_washing, skill_gardening, skill_cooking, skill_driving, skill_pickup_taobao) VALUES
('6f33f708-8343-b946-a56a-62c3c4ef7978', 1, 'Taiwan', '2023', '2024', 'HK$4870', '僱主移民', '一家五口，有嬰兒', TRUE, FALSE, FALSE, FALSE, TRUE, FALSE, '0-1 歲', NULL, NULL, FALSE, TRUE, TRUE, FALSE, TRUE, TRUE, FALSE);
INSERT INTO worker_previous_duties (worker_id, job_order, working_country, duration_from, duration_to, salary, reason_to_leave, employer_family_info, skill_care_babies, skill_care_toddler, skill_care_children, skill_care_elderly, skill_care_disabled, skill_care_bedridden, baby_age_range, toddler_age_range, children_age_range, skill_care_pet, skill_household, skill_car_washing, skill_gardening, skill_cooking, skill_driving, skill_pickup_taobao) VALUES
('cbe54c28-a36b-1e87-89dc-68ceaf517df1', 1, 'Malaysia', '2018', '2021', 'HK$4630', '合約完結', '一家三口，有一個小孩', FALSE, TRUE, TRUE, TRUE, FALSE, TRUE, NULL, '1-3 歲', '3-6 歲', FALSE, FALSE, FALSE, TRUE, TRUE, FALSE, FALSE);
INSERT INTO worker_previous_duties (worker_id, job_order, working_country, duration_from, duration_to, salary, reason_to_leave, employer_family_info, skill_care_babies, skill_care_toddler, skill_care_children, skill_care_elderly, skill_care_disabled, skill_care_bedridden, baby_age_range, toddler_age_range, children_age_range, skill_care_pet, skill_household, skill_car_washing, skill_gardening, skill_cooking, skill_driving, skill_pickup_taobao) VALUES
('cbe54c28-a36b-1e87-89dc-68ceaf517df1', 2, 'Singapore', '2021', '2022', 'HK$5300', '想轉換環境', '夫妻二人', TRUE, TRUE, FALSE, TRUE, FALSE, TRUE, '0-1 歲', '1-3 歲', NULL, FALSE, FALSE, FALSE, TRUE, TRUE, TRUE, FALSE);
INSERT INTO worker_previous_duties (worker_id, job_order, working_country, duration_from, duration_to, salary, reason_to_leave, employer_family_info, skill_care_babies, skill_care_toddler, skill_care_children, skill_care_elderly, skill_care_disabled, skill_care_bedridden, baby_age_range, toddler_age_range, children_age_range, skill_care_pet, skill_household, skill_car_washing, skill_gardening, skill_cooking, skill_driving, skill_pickup_taobao) VALUES
('d560f64b-e3dd-7ffa-98b4-85deaaaa1310', 1, 'Middle East', '2019', '2021', 'HK$5500', '想轉換環境', '一家四口，有兩個老人', FALSE, FALSE, TRUE, TRUE, FALSE, FALSE, NULL, NULL, '3-6 歲', FALSE, TRUE, TRUE, FALSE, FALSE, TRUE, FALSE);
INSERT INTO worker_previous_duties (worker_id, job_order, working_country, duration_from, duration_to, salary, reason_to_leave, employer_family_info, skill_care_babies, skill_care_toddler, skill_care_children, skill_care_elderly, skill_care_disabled, skill_care_bedridden, baby_age_range, toddler_age_range, children_age_range, skill_care_pet, skill_household, skill_car_washing, skill_gardening, skill_cooking, skill_driving, skill_pickup_taobao) VALUES
('d560f64b-e3dd-7ffa-98b4-85deaaaa1310', 2, 'Taiwan', '2023', '2026', 'HK$5300', '尋求更好待遇', '單親家庭，一個小孩', FALSE, FALSE, FALSE, TRUE, FALSE, FALSE, NULL, NULL, NULL, FALSE, FALSE, FALSE, FALSE, TRUE, FALSE, TRUE);
INSERT INTO worker_previous_duties (worker_id, job_order, working_country, duration_from, duration_to, salary, reason_to_leave, employer_family_info, skill_care_babies, skill_care_toddler, skill_care_children, skill_care_elderly, skill_care_disabled, skill_care_bedridden, baby_age_range, toddler_age_range, children_age_range, skill_care_pet, skill_household, skill_car_washing, skill_gardening, skill_cooking, skill_driving, skill_pickup_taobao) VALUES
('6b641b3b-ab20-dd48-8546-a1a97c73708c', 1, 'Malaysia', '2019', '2020', 'HK$5800', '尋求更好待遇', '一家三口，有一個小孩', FALSE, FALSE, TRUE, FALSE, FALSE, TRUE, NULL, NULL, '6-12 歲', FALSE, FALSE, TRUE, TRUE, TRUE, FALSE, FALSE);
INSERT INTO worker_previous_duties (worker_id, job_order, working_country, duration_from, duration_to, salary, reason_to_leave, employer_family_info, skill_care_babies, skill_care_toddler, skill_care_children, skill_care_elderly, skill_care_disabled, skill_care_bedridden, baby_age_range, toddler_age_range, children_age_range, skill_care_pet, skill_household, skill_car_washing, skill_gardening, skill_cooking, skill_driving, skill_pickup_taobao) VALUES
('6b641b3b-ab20-dd48-8546-a1a97c73708c', 2, 'Malaysia', '2022', '2025', 'HK$5000', '僱主移民', '夫妻二人', FALSE, FALSE, FALSE, FALSE, FALSE, FALSE, NULL, NULL, NULL, FALSE, TRUE, TRUE, TRUE, FALSE, TRUE, FALSE);
INSERT INTO worker_previous_duties (worker_id, job_order, working_country, duration_from, duration_to, salary, reason_to_leave, employer_family_info, skill_care_babies, skill_care_toddler, skill_care_children, skill_care_elderly, skill_care_disabled, skill_care_bedridden, baby_age_range, toddler_age_range, children_age_range, skill_care_pet, skill_household, skill_car_washing, skill_gardening, skill_cooking, skill_driving, skill_pickup_taobao) VALUES
('d8eb6412-0826-c069-8293-b3205fe0a658', 1, 'Taiwan', '2019', '2022', 'HK$5800', '尋求更好待遇', '一家四口，兩個小孩', TRUE, FALSE, FALSE, TRUE, FALSE, FALSE, '0-1 歲', NULL, NULL, FALSE, TRUE, FALSE, FALSE, TRUE, FALSE, FALSE);
INSERT INTO worker_previous_duties (worker_id, job_order, working_country, duration_from, duration_to, salary, reason_to_leave, employer_family_info, skill_care_babies, skill_care_toddler, skill_care_children, skill_care_elderly, skill_care_disabled, skill_care_bedridden, baby_age_range, toddler_age_range, children_age_range, skill_care_pet, skill_household, skill_car_washing, skill_gardening, skill_cooking, skill_driving, skill_pickup_taobao) VALUES
('d8eb6412-0826-c069-8293-b3205fe0a658', 2, 'Middle East', '2023', '2026', 'HK$5500', '尋求更好待遇', '夫妻二人', TRUE, TRUE, TRUE, TRUE, FALSE, FALSE, '1-3 歲', '1-3 歲', '3-6 歲', TRUE, TRUE, FALSE, TRUE, FALSE, FALSE, FALSE);
INSERT INTO worker_previous_duties (worker_id, job_order, working_country, duration_from, duration_to, salary, reason_to_leave, employer_family_info, skill_care_babies, skill_care_toddler, skill_care_children, skill_care_elderly, skill_care_disabled, skill_care_bedridden, baby_age_range, toddler_age_range, children_age_range, skill_care_pet, skill_household, skill_car_washing, skill_gardening, skill_cooking, skill_driving, skill_pickup_taobao) VALUES
('b9cfda65-2e74-7c1f-a53c-4cc6c1117e2f', 1, 'Malaysia', '2020', '2023', 'HK$5000', '僱主移民', '一家五口，有嬰兒', TRUE, FALSE, TRUE, TRUE, FALSE, FALSE, '1-3 歲', NULL, '3-6 歲', TRUE, TRUE, FALSE, FALSE, TRUE, FALSE, FALSE);
INSERT INTO worker_previous_duties (worker_id, job_order, working_country, duration_from, duration_to, salary, reason_to_leave, employer_family_info, skill_care_babies, skill_care_toddler, skill_care_children, skill_care_elderly, skill_care_disabled, skill_care_bedridden, baby_age_range, toddler_age_range, children_age_range, skill_care_pet, skill_household, skill_car_washing, skill_gardening, skill_cooking, skill_driving, skill_pickup_taobao) VALUES
('b9cfda65-2e74-7c1f-a53c-4cc6c1117e2f', 2, 'Taiwan', '2021', '2024', 'HK$5800', '合約完結', '一家五口，有嬰兒', TRUE, FALSE, TRUE, FALSE, FALSE, FALSE, '0-1 歲', NULL, '6-12 歲', TRUE, TRUE, FALSE, TRUE, FALSE, FALSE, FALSE);
INSERT INTO worker_previous_duties (worker_id, job_order, working_country, duration_from, duration_to, salary, reason_to_leave, employer_family_info, skill_care_babies, skill_care_toddler, skill_care_children, skill_care_elderly, skill_care_disabled, skill_care_bedridden, baby_age_range, toddler_age_range, children_age_range, skill_care_pet, skill_household, skill_car_washing, skill_gardening, skill_cooking, skill_driving, skill_pickup_taobao) VALUES
('7ca5d0ed-e9e4-b2dd-1525-e9d3d1f7fbe4', 1, 'Brunei', '2019', '2020', 'HK$5300', '合約完結', '三代同堂，有老人和小孩', FALSE, FALSE, TRUE, FALSE, FALSE, FALSE, NULL, NULL, '3-6 歲', FALSE, FALSE, TRUE, TRUE, TRUE, FALSE, FALSE);
INSERT INTO worker_previous_duties (worker_id, job_order, working_country, duration_from, duration_to, salary, reason_to_leave, employer_family_info, skill_care_babies, skill_care_toddler, skill_care_children, skill_care_elderly, skill_care_disabled, skill_care_bedridden, baby_age_range, toddler_age_range, children_age_range, skill_care_pet, skill_household, skill_car_washing, skill_gardening, skill_cooking, skill_driving, skill_pickup_taobao) VALUES
('7ca5d0ed-e9e4-b2dd-1525-e9d3d1f7fbe4', 2, 'Singapore', '2021', '2023', 'HK$5300', '僱主移民', '一家三口，有一個小孩', TRUE, FALSE, FALSE, TRUE, TRUE, TRUE, '1-3 歲', NULL, NULL, FALSE, FALSE, TRUE, FALSE, TRUE, FALSE, FALSE);
INSERT INTO worker_previous_duties (worker_id, job_order, working_country, duration_from, duration_to, salary, reason_to_leave, employer_family_info, skill_care_babies, skill_care_toddler, skill_care_children, skill_care_elderly, skill_care_disabled, skill_care_bedridden, baby_age_range, toddler_age_range, children_age_range, skill_care_pet, skill_household, skill_car_washing, skill_gardening, skill_cooking, skill_driving, skill_pickup_taobao) VALUES
('55bc0a69-2b8d-6f81-430b-0b04a8778c53', 1, 'Singapore', '2023', '2025', 'HK$4630', '家庭需要', '一家四口，有兩個老人', FALSE, FALSE, TRUE, TRUE, TRUE, FALSE, NULL, NULL, '3-6 歲', TRUE, TRUE, FALSE, FALSE, FALSE, TRUE, FALSE);
INSERT INTO worker_previous_duties (worker_id, job_order, working_country, duration_from, duration_to, salary, reason_to_leave, employer_family_info, skill_care_babies, skill_care_toddler, skill_care_children, skill_care_elderly, skill_care_disabled, skill_care_bedridden, baby_age_range, toddler_age_range, children_age_range, skill_care_pet, skill_household, skill_car_washing, skill_gardening, skill_cooking, skill_driving, skill_pickup_taobao) VALUES
('55bc0a69-2b8d-6f81-430b-0b04a8778c53', 2, 'Singapore', '2018', '2020', 'HK$5300', '家庭需要', '一家四口，有兩個老人', FALSE, FALSE, TRUE, TRUE, FALSE, FALSE, NULL, NULL, '3-6 歲', TRUE, FALSE, TRUE, FALSE, FALSE, TRUE, FALSE);
INSERT INTO worker_previous_duties (worker_id, job_order, working_country, duration_from, duration_to, salary, reason_to_leave, employer_family_info, skill_care_babies, skill_care_toddler, skill_care_children, skill_care_elderly, skill_care_disabled, skill_care_bedridden, baby_age_range, toddler_age_range, children_age_range, skill_care_pet, skill_household, skill_car_washing, skill_gardening, skill_cooking, skill_driving, skill_pickup_taobao) VALUES
('e2485bb6-6425-3e83-8de0-4a9e5640230e', 1, 'Taiwan', '2019', '2021', 'HK$5500', '僱主移民', '一家四口，有兩個老人', TRUE, FALSE, FALSE, TRUE, FALSE, FALSE, '1-3 歲', NULL, NULL, FALSE, FALSE, TRUE, TRUE, FALSE, FALSE, TRUE);
INSERT INTO worker_previous_duties (worker_id, job_order, working_country, duration_from, duration_to, salary, reason_to_leave, employer_family_info, skill_care_babies, skill_care_toddler, skill_care_children, skill_care_elderly, skill_care_disabled, skill_care_bedridden, baby_age_range, toddler_age_range, children_age_range, skill_care_pet, skill_household, skill_car_washing, skill_gardening, skill_cooking, skill_driving, skill_pickup_taobao) VALUES
('e2485bb6-6425-3e83-8de0-4a9e5640230e', 2, 'Hong Kong', '2022', '2025', 'HK$5500', '合約完結', '一家三口，有一個小孩', TRUE, FALSE, TRUE, FALSE, FALSE, FALSE, '1-3 歲', NULL, '6-12 歲', FALSE, TRUE, FALSE, FALSE, TRUE, TRUE, FALSE);
INSERT INTO worker_previous_duties (worker_id, job_order, working_country, duration_from, duration_to, salary, reason_to_leave, employer_family_info, skill_care_babies, skill_care_toddler, skill_care_children, skill_care_elderly, skill_care_disabled, skill_care_bedridden, baby_age_range, toddler_age_range, children_age_range, skill_care_pet, skill_household, skill_car_washing, skill_gardening, skill_cooking, skill_driving, skill_pickup_taobao) VALUES
('633d6624-74ee-afd8-b91d-f46412c32f37', 1, 'Middle East', '2019', '2022', 'HK$5000', '合約完結', '三代同堂，有老人和小孩', TRUE, FALSE, FALSE, TRUE, TRUE, FALSE, '1-3 歲', NULL, NULL, FALSE, FALSE, TRUE, TRUE, TRUE, FALSE, FALSE);
INSERT INTO worker_previous_duties (worker_id, job_order, working_country, duration_from, duration_to, salary, reason_to_leave, employer_family_info, skill_care_babies, skill_care_toddler, skill_care_children, skill_care_elderly, skill_care_disabled, skill_care_bedridden, baby_age_range, toddler_age_range, children_age_range, skill_care_pet, skill_household, skill_car_washing, skill_gardening, skill_cooking, skill_driving, skill_pickup_taobao) VALUES
('042cc7c2-560b-0cb9-c75b-693192bb2bfd', 1, 'Middle East', '2023', '2026', 'HK$5300', '想轉換環境', '一家三口，有一個小孩', FALSE, TRUE, FALSE, TRUE, FALSE, FALSE, NULL, '3-6 歲', NULL, TRUE, FALSE, FALSE, FALSE, FALSE, FALSE, FALSE);
INSERT INTO worker_previous_duties (worker_id, job_order, working_country, duration_from, duration_to, salary, reason_to_leave, employer_family_info, skill_care_babies, skill_care_toddler, skill_care_children, skill_care_elderly, skill_care_disabled, skill_care_bedridden, baby_age_range, toddler_age_range, children_age_range, skill_care_pet, skill_household, skill_car_washing, skill_gardening, skill_cooking, skill_driving, skill_pickup_taobao) VALUES
('042cc7c2-560b-0cb9-c75b-693192bb2bfd', 2, 'Singapore', '2019', '2021', 'HK$4870', '想轉換環境', '一家五口，有嬰兒', TRUE, FALSE, FALSE, TRUE, FALSE, FALSE, '0-1 歲', NULL, NULL, FALSE, TRUE, TRUE, TRUE, FALSE, FALSE, FALSE);

-- ── Feed Media ──
INSERT INTO worker_media (worker_id, url, type, caption, created_at) VALUES ('c4da537c-1651-ddae-4486-7db30d67b366', '/images/feed/feed-1.jpg', 'image', '今日煮泰式冬蔭功，酸辣開胃 🍲 #泰國美食', '2026-04-23');
INSERT INTO worker_media (worker_id, url, type, caption, created_at) VALUES ('c4da537c-1651-ddae-4486-7db30d67b366', '/images/feed/feed-2.jpg', 'image', '花園打理完，靚靚 🌸 #園藝生活', '2026-04-17');
INSERT INTO worker_media (worker_id, url, type, caption, created_at) VALUES ('d6a82a95-1b92-3e0a-443c-def36840ff07', '/images/feed/feed-3.jpg', 'image', '春天到了，花園嘅花開得好靚 🌷 #春天花園', '2026-03-27');
INSERT INTO worker_media (worker_id, url, type, caption, created_at) VALUES ('d6a82a95-1b92-3e0a-443c-def36840ff07', '/images/feed/feed-4.jpg', 'image', '春天到了，花園嘅花開得好靚 🌷 #春天花園', '2026-05-18');
INSERT INTO worker_media (worker_id, url, type, caption, created_at) VALUES ('610e4ad5-09c4-7055-dff4-948fe6b4f832', '/images/feed/feed-5.jpg', 'image', '中秋節整月餅，第一次整都算成功 🥮 #節日美食', '2026-05-03');
INSERT INTO worker_media (worker_id, url, type, caption, created_at) VALUES ('610e4ad5-09c4-7055-dff4-948fe6b4f832', '/images/feed/feed-6.jpg', 'image', '花園打理完，靚靚 🌸 #園藝生活', '2026-03-30');
INSERT INTO worker_media (worker_id, url, type, caption, created_at) VALUES ('573e8d77-550a-e889-8ff4-1e8d8944897c', '/images/feed/feed-7.jpg', 'image', '今日包餃子，一家人齊齊吃 😊 #溫馨時光', '2026-04-13');
INSERT INTO worker_media (worker_id, url, type, caption, created_at) VALUES ('573e8d77-550a-e889-8ff4-1e8d8944897c', '/images/feed/feed-8.jpg', 'image', '春天到了，花園嘅花開得好靚 🌷 #春天花園', '2026-04-08');
INSERT INTO worker_media (worker_id, url, type, caption, created_at) VALUES ('573e8d77-550a-e889-8ff4-1e8d8944897c', '/images/feed/feed-9.jpg', 'image', '帶老人家去飲早茶，佢好開心 🍵 #飲茶時光', '2026-05-01');
INSERT INTO worker_media (worker_id, url, type, caption, created_at) VALUES ('2293202c-28df-a298-0d49-6d4bda22594f', '/images/feed/feed-10.jpg', 'image', '帶狗狗散步，佢好開心 🐕 #寵物照顧', '2026-03-26');
INSERT INTO worker_media (worker_id, url, type, caption, created_at) VALUES ('2293202c-28df-a298-0d49-6d4bda22594f', '/images/feed/feed-11.jpg', 'image', '陪老人家去覆診，身體健康最緊要 💪 #照顧長者', '2026-04-09');
INSERT INTO worker_media (worker_id, url, type, caption, created_at) VALUES ('b3a1f131-5573-ae2d-8f9b-34c95653d4bd', '/images/feed/feed-12.jpg', 'image', '陪小朋友做功課，佢好叻 📚 #功課輔導', '2026-05-02');
INSERT INTO worker_media (worker_id, url, type, caption, created_at) VALUES ('b3a1f131-5573-ae2d-8f9b-34c95653d4bd', '/images/feed/feed-13.jpg', 'image', '今日學整港式點心，好有滿足感 🥟 #學習烹飪', '2026-05-18');
INSERT INTO worker_media (worker_id, url, type, caption, created_at) VALUES ('e7e96d54-006d-7b34-29ed-479c3ec3068c', '/images/feed/feed-14.jpg', 'image', '煮咗好味嘅海南雞飯 🍗 #新加坡風味', '2026-04-08');
INSERT INTO worker_media (worker_id, url, type, caption, created_at) VALUES ('e7e96d54-006d-7b34-29ed-479c3ec3068c', '/images/feed/feed-15.jpg', 'image', '陪小朋友做功課，佢好叻 📚 #功課輔導', '2026-04-16');
INSERT INTO worker_media (worker_id, url, type, caption, created_at) VALUES ('e0edeaf1-166d-d683-c609-dcba6fafc520', '/images/feed/feed-16.jpg', 'image', '帶小朋友去公園玩，天氣好好 ☀️ #育兒點滴', '2026-04-29');
INSERT INTO worker_media (worker_id, url, type, caption, created_at) VALUES ('e0edeaf1-166d-d683-c609-dcba6fafc520', '/images/feed/feed-17.jpg', 'image', '煮咗好味嘅海南雞飯 🍗 #新加坡風味', '2026-04-09');
INSERT INTO worker_media (worker_id, url, type, caption, created_at) VALUES ('e0edeaf1-166d-d683-c609-dcba6fafc520', '/images/feed/feed-18.jpg', 'image', '今日煮泰式冬蔭功，酸辣開胃 🍲 #泰國美食', '2026-04-01');
INSERT INTO worker_media (worker_id, url, type, caption, created_at) VALUES ('01b0366f-11e3-74ee-60aa-0d3098fc4743', '/images/feed/feed-19.jpg', 'image', '週日去教會，心靈平靜 ⛪ #信仰生活', '2026-04-25');
INSERT INTO worker_media (worker_id, url, type, caption, created_at) VALUES ('01b0366f-11e3-74ee-60aa-0d3098fc4743', '/images/feed/feed-20.jpg', 'image', '陪小朋友做功課，佢好叻 📚 #功課輔導', '2026-05-12');
INSERT INTO worker_media (worker_id, url, type, caption, created_at) VALUES ('01b0366f-11e3-74ee-60aa-0d3098fc4743', '/images/feed/feed-21.jpg', 'image', '帶狗狗散步，佢好開心 🐕 #寵物照顧', '2026-04-27');
INSERT INTO worker_media (worker_id, url, type, caption, created_at) VALUES ('1a1f141b-72c5-3633-bb66-ecb350c1eb44', '/images/feed/feed-22.jpg', 'image', '春天到了，花園嘅花開得好靚 🌷 #春天花園', '2026-04-17');
INSERT INTO worker_media (worker_id, url, type, caption, created_at) VALUES ('1a1f141b-72c5-3633-bb66-ecb350c1eb44', '/images/feed/feed-23.jpg', 'image', '整咗緬甸魚湯麵，懷念家鄉味道 🇲🇲 #緬甸美食', '2026-05-06');
INSERT INTO worker_media (worker_id, url, type, caption, created_at) VALUES ('aac9912d-17bf-6b18-0b3c-354de7c834d3', '/images/feed/feed-24.jpg', 'image', '帶狗狗散步，佢好開心 🐕 #寵物照顧', '2026-03-28');
INSERT INTO worker_media (worker_id, url, type, caption, created_at) VALUES ('aac9912d-17bf-6b18-0b3c-354de7c834d3', '/images/feed/feed-25.jpg', 'image', '週日去教會，心靈平靜 ⛪ #信仰生活', '2026-05-12');
INSERT INTO worker_media (worker_id, url, type, caption, created_at) VALUES ('e81775f3-ca42-25f7-2051-e671246595df', '/images/feed/feed-26.jpg', 'image', '好開心可以喺香港工作，遇到好僱主 🙏 #感恩', '2026-05-18');
INSERT INTO worker_media (worker_id, url, type, caption, created_at) VALUES ('e81775f3-ca42-25f7-2051-e671246595df', '/images/feed/feed-27.jpg', 'image', '陪老人家做運動，身心健康 🧘 #健康生活', '2026-04-25');
INSERT INTO worker_media (worker_id, url, type, caption, created_at) VALUES ('e81775f3-ca42-25f7-2051-e671246595df', '/images/feed/feed-28.jpg', 'image', '陪小朋友做功課，佢好叻 📚 #功課輔導', '2026-04-16');
INSERT INTO worker_media (worker_id, url, type, caption, created_at) VALUES ('6e3e43c2-e941-2995-4ab3-8105056fb885', '/images/feed/feed-29.jpg', 'image', '今日煮泰式冬蔭功，酸辣開胃 🍲 #泰國美食', '2026-05-06');
INSERT INTO worker_media (worker_id, url, type, caption, created_at) VALUES ('6e3e43c2-e941-2995-4ab3-8105056fb885', '/images/feed/feed-30.jpg', 'image', '今日學整港式點心，好有滿足感 🥟 #學習烹飪', '2026-05-08');
INSERT INTO worker_media (worker_id, url, type, caption, created_at) VALUES ('7823908d-43ec-1f85-7a17-a6a492cadf50', '/images/feed/feed-1.jpg', 'image', '煮咗好味嘅海南雞飯 🍗 #新加坡風味', '2026-05-16');
INSERT INTO worker_media (worker_id, url, type, caption, created_at) VALUES ('7823908d-43ec-1f85-7a17-a6a492cadf50', '/images/feed/feed-2.jpg', 'image', '好開心可以喺香港工作，遇到好僱主 🙏 #感恩', '2026-04-23');
INSERT INTO worker_media (worker_id, url, type, caption, created_at) VALUES ('7823908d-43ec-1f85-7a17-a6a492cadf50', '/images/feed/feed-3.jpg', 'image', '收拾細路房，玩具真係多 🧸 #整理收納', '2026-04-28');
INSERT INTO worker_media (worker_id, url, type, caption, created_at) VALUES ('4e1ad87e-c4cf-bb8a-0968-02f6d67c8720', '/images/feed/feed-4.jpg', 'image', '陪老人家做運動，身心健康 🧘 #健康生活', '2026-04-05');
INSERT INTO worker_media (worker_id, url, type, caption, created_at) VALUES ('4e1ad87e-c4cf-bb8a-0968-02f6d67c8720', '/images/feed/feed-5.jpg', 'image', '帶老人家去飲早茶，佢好開心 🍵 #飲茶時光', '2026-05-09');
INSERT INTO worker_media (worker_id, url, type, caption, created_at) VALUES ('7ba35975-cd2e-e163-858c-2e6e57ed22d0', '/images/feed/feed-6.jpg', 'image', '今日學整港式點心，好有滿足感 🥟 #學習烹飪', '2026-04-27');
INSERT INTO worker_media (worker_id, url, type, caption, created_at) VALUES ('7ba35975-cd2e-e163-858c-2e6e57ed22d0', '/images/feed/feed-7.jpg', 'image', '幫小朋友扎辮子，日日唔同款 💇 #造型達人', '2026-04-13');
INSERT INTO worker_media (worker_id, url, type, caption, created_at) VALUES ('a3858cde-9be1-092e-d23e-e3c934f4f040', '/images/feed/feed-8.jpg', 'image', '收拾細路房，玩具真係多 🧸 #整理收納', '2026-05-17');
INSERT INTO worker_media (worker_id, url, type, caption, created_at) VALUES ('a3858cde-9be1-092e-d23e-e3c934f4f040', '/images/feed/feed-9.jpg', 'image', '幫BB沖涼，好可愛呀 😍 #湊B日記', '2026-03-31');
INSERT INTO worker_media (worker_id, url, type, caption, created_at) VALUES ('f5e77d4d-cf30-cf2d-9097-a70286ee6241', '/images/feed/feed-10.jpg', 'image', '整咗緬甸魚湯麵，懷念家鄉味道 🇲🇲 #緬甸美食', '2026-05-08');
INSERT INTO worker_media (worker_id, url, type, caption, created_at) VALUES ('f5e77d4d-cf30-cf2d-9097-a70286ee6241', '/images/feed/feed-11.jpg', 'image', '收拾細路房，玩具真係多 🧸 #整理收納', '2026-03-24');
INSERT INTO worker_media (worker_id, url, type, caption, created_at) VALUES ('e497cd2f-65f2-ef76-0336-5a0850b51605', '/images/feed/feed-12.jpg', 'image', '帶狗狗散步，佢好開心 🐕 #寵物照顧', '2026-03-24');
INSERT INTO worker_media (worker_id, url, type, caption, created_at) VALUES ('e497cd2f-65f2-ef76-0336-5a0850b51605', '/images/feed/feed-13.jpg', 'image', '今日煮咗一個好靚嘅中式蒸魚 🐟 #煮飯日常', '2026-05-08');
INSERT INTO worker_media (worker_id, url, type, caption, created_at) VALUES ('e497cd2f-65f2-ef76-0336-5a0850b51605', '/images/feed/feed-14.jpg', 'image', '好開心可以喺香港工作，遇到好僱主 🙏 #感恩', '2026-05-09');
INSERT INTO worker_media (worker_id, url, type, caption, created_at) VALUES ('6f33f708-8343-b946-a56a-62c3c4ef7978', '/images/feed/feed-15.jpg', 'image', '整蛋糕失敗咗，下次再接再厲 😅 #烘焙日記', '2026-04-03');
INSERT INTO worker_media (worker_id, url, type, caption, created_at) VALUES ('6f33f708-8343-b946-a56a-62c3c4ef7978', '/images/feed/feed-16.jpg', 'image', '整咗緬甸魚湯麵，懷念家鄉味道 🇲🇲 #緬甸美食', '2026-03-24');
INSERT INTO worker_media (worker_id, url, type, caption, created_at) VALUES ('cbe54c28-a36b-1e87-89dc-68ceaf517df1', '/images/feed/feed-17.jpg', 'image', '週日去教會，心靈平靜 ⛪ #信仰生活', '2026-04-13');
INSERT INTO worker_media (worker_id, url, type, caption, created_at) VALUES ('cbe54c28-a36b-1e87-89dc-68ceaf517df1', '/images/feed/feed-18.jpg', 'image', '週日去教會，心靈平靜 ⛪ #信仰生活', '2026-05-08');
INSERT INTO worker_media (worker_id, url, type, caption, created_at) VALUES ('d560f64b-e3dd-7ffa-98b4-85deaaaa1310', '/images/feed/feed-19.jpg', 'image', '好開心可以喺香港工作，遇到好僱主 🙏 #感恩', '2026-05-06');
INSERT INTO worker_media (worker_id, url, type, caption, created_at) VALUES ('d560f64b-e3dd-7ffa-98b4-85deaaaa1310', '/images/feed/feed-20.jpg', 'image', '陪老人家做運動，身心健康 🧘 #健康生活', '2026-05-01');
INSERT INTO worker_media (worker_id, url, type, caption, created_at) VALUES ('d560f64b-e3dd-7ffa-98b4-85deaaaa1310', '/images/feed/feed-21.jpg', 'image', '春天到了，花園嘅花開得好靚 🌷 #春天花園', '2026-05-03');
INSERT INTO worker_media (worker_id, url, type, caption, created_at) VALUES ('6b641b3b-ab20-dd48-8546-a1a97c73708c', '/images/feed/feed-22.jpg', 'image', '打掃完客廳，一塵不染 🧹 #清潔達人', '2026-04-17');
INSERT INTO worker_media (worker_id, url, type, caption, created_at) VALUES ('6b641b3b-ab20-dd48-8546-a1a97c73708c', '/images/feed/feed-23.jpg', 'image', '煮咗好味嘅海南雞飯 🍗 #新加坡風味', '2026-04-29');
INSERT INTO worker_media (worker_id, url, type, caption, created_at) VALUES ('6b641b3b-ab20-dd48-8546-a1a97c73708c', '/images/feed/feed-24.jpg', 'image', '帶狗狗散步，佢好開心 🐕 #寵物照顧', '2026-05-05');
INSERT INTO worker_media (worker_id, url, type, caption, created_at) VALUES ('d8eb6412-0826-c069-8293-b3205fe0a658', '/images/feed/feed-25.jpg', 'image', '中秋節整月餅，第一次整都算成功 🥮 #節日美食', '2026-03-26');
INSERT INTO worker_media (worker_id, url, type, caption, created_at) VALUES ('d8eb6412-0826-c069-8293-b3205fe0a658', '/images/feed/feed-26.jpg', 'image', '整咗緬甸魚湯麵，懷念家鄉味道 🇲🇲 #緬甸美食', '2026-04-22');
INSERT INTO worker_media (worker_id, url, type, caption, created_at) VALUES ('d8eb6412-0826-c069-8293-b3205fe0a658', '/images/feed/feed-27.jpg', 'image', '今日大掃除，廚房乾乾淨淨 ✨ #家務日常', '2026-03-31');
INSERT INTO worker_media (worker_id, url, type, caption, created_at) VALUES ('b9cfda65-2e74-7c1f-a53c-4cc6c1117e2f', '/images/feed/feed-28.jpg', 'image', '春天到了，花園嘅花開得好靚 🌷 #春天花園', '2026-03-29');
INSERT INTO worker_media (worker_id, url, type, caption, created_at) VALUES ('b9cfda65-2e74-7c1f-a53c-4cc6c1117e2f', '/images/feed/feed-29.jpg', 'image', '為僱主準備生日蛋糕驚喜 🎂 #窩心時刻', '2026-03-24');
INSERT INTO worker_media (worker_id, url, type, caption, created_at) VALUES ('b9cfda65-2e74-7c1f-a53c-4cc6c1117e2f', '/images/feed/feed-30.jpg', 'image', '幫BB沖涼，好可愛呀 😍 #湊B日記', '2026-04-28');
INSERT INTO worker_media (worker_id, url, type, caption, created_at) VALUES ('7ca5d0ed-e9e4-b2dd-1525-e9d3d1f7fbe4', '/images/feed/feed-1.jpg', 'image', '陪小朋友做功課，佢好叻 📚 #功課輔導', '2026-05-19');
INSERT INTO worker_media (worker_id, url, type, caption, created_at) VALUES ('7ca5d0ed-e9e4-b2dd-1525-e9d3d1f7fbe4', '/images/feed/feed-2.jpg', 'image', '今日包餃子，一家人齊齊吃 😊 #溫馨時光', '2026-03-27');
INSERT INTO worker_media (worker_id, url, type, caption, created_at) VALUES ('7ca5d0ed-e9e4-b2dd-1525-e9d3d1f7fbe4', '/images/feed/feed-3.jpg', 'image', '花園打理完，靚靚 🌸 #園藝生活', '2026-04-04');
INSERT INTO worker_media (worker_id, url, type, caption, created_at) VALUES ('55bc0a69-2b8d-6f81-430b-0b04a8778c53', '/images/feed/feed-4.jpg', 'image', '今日煮咗一個好靚嘅中式蒸魚 🐟 #煮飯日常', '2026-05-05');
INSERT INTO worker_media (worker_id, url, type, caption, created_at) VALUES ('55bc0a69-2b8d-6f81-430b-0b04a8778c53', '/images/feed/feed-5.jpg', 'image', '陪老人家做運動，身心健康 🧘 #健康生活', '2026-03-23');
INSERT INTO worker_media (worker_id, url, type, caption, created_at) VALUES ('e2485bb6-6425-3e83-8de0-4a9e5640230e', '/images/feed/feed-6.jpg', 'image', '帶狗狗散步，佢好開心 🐕 #寵物照顧', '2026-05-12');
INSERT INTO worker_media (worker_id, url, type, caption, created_at) VALUES ('e2485bb6-6425-3e83-8de0-4a9e5640230e', '/images/feed/feed-7.jpg', 'image', '幫BB沖涼，好可愛呀 😍 #湊B日記', '2026-04-30');
INSERT INTO worker_media (worker_id, url, type, caption, created_at) VALUES ('e2485bb6-6425-3e83-8de0-4a9e5640230e', '/images/feed/feed-8.jpg', 'image', '花園打理完，靚靚 🌸 #園藝生活', '2026-04-27');
INSERT INTO worker_media (worker_id, url, type, caption, created_at) VALUES ('633d6624-74ee-afd8-b91d-f46412c32f37', '/images/feed/feed-9.jpg', 'image', '整咗緬甸魚湯麵，懷念家鄉味道 🇲🇲 #緬甸美食', '2026-04-16');
INSERT INTO worker_media (worker_id, url, type, caption, created_at) VALUES ('633d6624-74ee-afd8-b91d-f46412c32f37', '/images/feed/feed-10.jpg', 'image', '煮咗好味嘅海南雞飯 🍗 #新加坡風味', '2026-04-08');
INSERT INTO worker_media (worker_id, url, type, caption, created_at) VALUES ('042cc7c2-560b-0cb9-c75b-693192bb2bfd', '/images/feed/feed-11.jpg', 'image', '今日學整港式點心，好有滿足感 🥟 #學習烹飪', '2026-04-03');
INSERT INTO worker_media (worker_id, url, type, caption, created_at) VALUES ('042cc7c2-560b-0cb9-c75b-693192bb2bfd', '/images/feed/feed-12.jpg', 'image', '帶老人家去飲早茶，佢好開心 🍵 #飲茶時光', '2026-04-20');
INSERT INTO worker_media (worker_id, url, type, caption, created_at) VALUES ('042cc7c2-560b-0cb9-c75b-693192bb2bfd', '/images/feed/feed-13.jpg', 'image', '整蛋糕失敗咗，下次再接再厲 😅 #烘焙日記', '2026-04-10');

-- ── Employers ──
INSERT INTO employers (id, contact_name, phone, district) VALUES ('d4e3fda5-1691-79e2-9611-516c30665bc3', '陳太太', '9123-4567', 'Wong Tai Sin');
INSERT INTO employers (id, contact_name, phone, district) VALUES ('e56a0eb1-0348-c4bc-5d0f-5781a0d96ade', '李先生', '9234-5678', 'Sha Tin');
INSERT INTO employers (id, contact_name, phone, district) VALUES ('67dd30d7-3aa8-3f8c-ff5f-9af75a1703c5', '張太太', '9345-6789', 'Kwun Tong');
INSERT INTO employers (id, contact_name, phone, district) VALUES ('d2f79e2f-b942-004e-8042-09378830fcc6', '王先生', '9456-7890', 'Tsuen Wan');
INSERT INTO employers (id, contact_name, phone, district) VALUES ('49a6dbed-a388-73b0-0f4a-38e6e8be44f2', '劉太太', '9567-8901', 'Tseung Kwan O');
INSERT INTO employers (id, contact_name, phone, district) VALUES ('c3a1cbbd-f6cc-94e5-7ea9-de52fde62703', '趙先生', '9678-9012', 'North Point');
INSERT INTO employers (id, contact_name, phone, district) VALUES ('8b4ebb7f-3bbe-584b-b865-4db2a147123a', '黃太太', '9789-0123', 'Yuen Long');
INSERT INTO employers (id, contact_name, phone, district) VALUES ('275cecdc-2d76-8558-fb0d-7d657bdb11b4', '林先生', '9890-1234', 'Tuen Mun');
INSERT INTO employers (id, contact_name, phone, district) VALUES ('60eb48f7-71ca-bf31-8950-3372fdf0f1df', '鄭太太', '9901-2345', 'Chai Wan');
INSERT INTO employers (id, contact_name, phone, district) VALUES ('0299536a-0b4c-1837-7617-7fa8c06c250e', '何先生', '9012-3456', 'Kowloon City');

COMMIT;